-- =============================================
-- 완료된 스터디 종합 샘플 데이터
-- =============================================
-- 포함 테이블: study, study_member, study_session, attendance,
--             meeting, curriculum, material, retrospective, retrospective_item
-- =============================================
-- 사용자 ID: 10000 ~ 10009 (sample_users_10000.sql 먼저 실행 필요)
-- =============================================

-- =============================================
-- 1. STUDY (완료된 스터디 20개)
-- =============================================
INSERT INTO study (
    id, leader_id, name, description, topic_id, format_id, study_type, meeting_type,
    schedule_summary, schedule_days, schedule_time, max_members, is_public, status,
    penalty_policy, start_date, end_date, total_sessions, textbook, goal, difficulty,
    intro, created_at, updated_at
) VALUES
(101, 10000, '백준 골드 정복 스터디', '백준 골드 레벨 문제를 매주 5문제씩 풀고 코드 리뷰를 진행합니다.', 11, 1, 'PLANNED', 'ONLINE', '매주 토요일 오후 2시', 'SAT', '14:00:00', 8, 1, 'COMPLETED', 'NORMAL', '2025-09-01', '2025-11-30', 12, NULL, '백준 골드 레벨 50문제 완료', 'INTERMEDIATE', '함께 알고리즘 실력을 키워요!', '2025-08-15 10:00:00', '2025-11-30 18:00:00'),
(102, 10001, '프로그래머스 Level 3 마스터', '프로그래머스 Level 3 문제를 정복하는 스터디입니다.', 12, 1, 'PLANNED', 'ONLINE', '매주 수/토 저녁 8시', 'WED,SAT', '20:00:00', 6, 1, 'COMPLETED', 'STRICT', '2025-08-01', '2025-10-31', 20, NULL, 'Level 3 문제 100개 완료', 'ADVANCED', '코딩테스트 합격을 목표로!', '2025-07-20 09:00:00', '2025-10-31 22:00:00'),
(103, 10000, '자료구조 완전 정복', '자료구조의 기초부터 심화까지 함께 공부합니다.', 21, 2, 'PLANNED', 'ONLINE', '매주 화/목 오후 7시', 'TUE,THU', '19:00:00', 10, 1, 'COMPLETED', 'NORMAL', '2025-07-01', '2025-09-30', 24, '파이썬 자료구조와 알고리즘', '자료구조 마스터', 'BEGINNER', '기초부터 탄탄하게!', '2025-06-15 14:00:00', '2025-09-30 20:00:00'),
(104, 10002, 'OS 면접 대비 스터디', '운영체제 핵심 개념을 정리하고 면접 질문에 대비합니다.', 22, 5, 'PLANNED', 'ONLINE', '매주 일요일 오전 10시', 'SUN', '10:00:00', 8, 1, 'COMPLETED', 'LENIENT', '2025-08-15', '2025-10-15', 8, 'Operating System Concepts', '기술면접 준비 완료', 'INTERMEDIATE', 'CS 면접 완벽 대비!', '2025-08-01 11:00:00', '2025-10-15 12:00:00'),
(105, 10001, '네트워크 기초부터 심화까지', 'TCP/IP, HTTP 등 네트워크 핵심 개념을 학습합니다.', 23, 6, 'PLANNED', 'ONLINE', '매주 금요일 오후 8시', 'FRI', '20:00:00', 12, 1, 'COMPLETED', 'NORMAL', '2025-06-01', '2025-08-31', 12, '그림으로 배우는 네트워크', '네트워크 기초 완성', 'BEGINNER', '네트워크의 모든 것!', '2025-05-20 16:00:00', '2025-08-31 21:00:00'),
(106, 10003, 'React 심화 패턴 스터디', 'React의 고급 패턴과 성능 최적화를 학습합니다.', 34, 3, 'PLANNED', 'ONLINE', '매주 월/수 저녁 9시', 'MON,WED', '21:00:00', 8, 1, 'COMPLETED', 'NORMAL', '2025-07-15', '2025-09-15', 16, NULL, 'React 고급 패턴 마스터', 'ADVANCED', 'React 프로처럼!', '2025-07-01 10:00:00', '2025-09-15 22:00:00'),
(107, 10000, 'Spring Boot 3.0 마스터', 'Spring Boot 3.0의 새로운 기능과 실무 패턴을 학습합니다.', 41, 3, 'PLANNED', 'ONLINE', '매주 토/일 오후 2시', 'SAT,SUN', '14:00:00', 10, 1, 'COMPLETED', 'STRICT', '2025-05-01', '2025-07-31', 24, '스프링 부트와 AWS로 혼자 구현하는 웹 서비스', 'Spring Boot 실무 역량 강화', 'INTERMEDIATE', '스프링 부트 정복!', '2025-04-15 09:00:00', '2025-07-31 16:00:00'),
(108, 10002, '쿠버네티스 입문 스터디', 'Docker와 Kubernetes의 기초를 함께 학습합니다.', 51, 2, 'PLANNED', 'ONLINE', '매주 수요일 오후 8시', 'WED', '20:00:00', 8, 1, 'COMPLETED', 'LENIENT', '2025-08-01', '2025-10-31', 12, '쿠버네티스 완벽 가이드', 'K8s 기초 완성', 'BEGINNER', '컨테이너 오케스트레이션 입문!', '2025-07-20 11:00:00', '2025-10-31 21:00:00'),
(109, 10004, 'AWS SAA 자격증 스터디', 'AWS Solutions Architect Associate 자격증을 함께 준비합니다.', 52, 7, 'PLANNED', 'ONLINE', '매주 화/목 저녁 7시', 'TUE,THU', '19:00:00', 6, 1, 'COMPLETED', 'STRICT', '2025-06-01', '2025-08-15', 20, NULL, 'AWS SAA 자격증 취득', 'INTERMEDIATE', 'AWS 자격증 함께 따자!', '2025-05-15 14:00:00', '2025-08-15 20:00:00'),
(110, 10001, 'Kotlin으로 배우는 Android', 'Kotlin과 Jetpack Compose로 Android 앱을 개발합니다.', 61, 4, 'PLANNED', 'ONLINE', '매주 토요일 오전 10시', 'SAT', '10:00:00', 8, 1, 'COMPLETED', 'NORMAL', '2025-07-01', '2025-09-30', 12, NULL, '포트폴리오용 앱 1개 완성', 'INTERMEDIATE', '안드로이드 앱 만들기!', '2025-06-20 10:00:00', '2025-09-30 12:00:00'),
(111, 10003, 'Flutter로 앱 출시하기', 'Flutter로 iOS/Android 동시 개발을 배웁니다.', 63, 4, 'PLANNED', 'ONLINE', '매주 일요일 오후 3시', 'SUN', '15:00:00', 10, 1, 'COMPLETED', 'NORMAL', '2025-05-01', '2025-07-31', 12, 'Flutter in Action', '플레이스토어 앱 출시', 'BEGINNER', 'Flutter로 앱 개발!', '2025-04-20 09:00:00', '2025-07-31 17:00:00'),
(112, 10000, '머신러닝 첫걸음', '머신러닝의 기초 이론과 실습을 진행합니다.', 71, 3, 'PLANNED', 'ONLINE', '매주 월/금 오후 8시', 'MON,FRI', '20:00:00', 8, 1, 'COMPLETED', 'LENIENT', '2025-06-01', '2025-08-31', 24, '핸즈온 머신러닝', 'ML 기초 개념 완성', 'BEGINNER', 'AI 시대의 첫걸음!', '2025-05-20 11:00:00', '2025-08-31 21:00:00'),
(113, 10002, '딥러닝 논문 스터디', '주요 딥러닝 논문을 함께 읽고 구현합니다.', 72, 6, 'PLANNED', 'ONLINE', '매주 토요일 오후 4시', 'SAT', '16:00:00', 6, 1, 'COMPLETED', 'NORMAL', '2025-07-01', '2025-09-30', 12, NULL, '10편 논문 리뷰 완료', 'ADVANCED', '논문으로 배우는 딥러닝!', '2025-06-15 14:00:00', '2025-09-30 18:00:00'),
(114, 10004, 'Python 데이터 분석 마스터', 'Pandas, Numpy를 활용한 데이터 분석을 학습합니다.', 81, 2, 'PLANNED', 'ONLINE', '매주 화요일 저녁 8시', 'TUE', '20:00:00', 10, 1, 'COMPLETED', 'NORMAL', '2025-08-01', '2025-10-31', 12, '파이썬 데이터 사이언스 핸드북', '데이터 분석 역량 강화', 'INTERMEDIATE', '데이터로 인사이트를!', '2025-07-20 10:00:00', '2025-10-31 21:00:00'),
(115, 10001, 'SQL 기초부터 고급까지', 'SQL 쿼리 작성부터 튜닝까지 학습합니다.', 83, 1, 'PLANNED', 'ONLINE', '매주 목요일 오후 7시', 'THU', '19:00:00', 12, 1, 'COMPLETED', 'STRICT', '2025-06-01', '2025-08-31', 12, 'SQL 첫걸음', 'SQL 쿼리 마스터', 'BEGINNER', 'SQL 완전 정복!', '2025-05-20 09:00:00', '2025-08-31 20:00:00'),
(116, 10003, 'OWASP Top 10 스터디', 'OWASP Top 10 취약점을 분석하고 대응 방법을 학습합니다.', 91, 6, 'PLANNED', 'ONLINE', '매주 금요일 오후 9시', 'FRI', '21:00:00', 8, 1, 'COMPLETED', 'NORMAL', '2025-07-01', '2025-09-30', 12, NULL, '웹 보안 기초 완성', 'INTERMEDIATE', '보안 전문가로 가는 길!', '2025-06-20 14:00:00', '2025-09-30 22:00:00'),
(117, 10000, 'TypeScript 고급 패턴', 'TypeScript의 고급 타입과 패턴을 학습합니다.', 33, 3, 'PLANNED', 'ONLINE', '매주 수요일 저녁 8시', 'WED', '20:00:00', 8, 1, 'COMPLETED', 'NORMAL', '2025-08-01', '2025-10-15', 10, 'Effective TypeScript', 'TS 고급 활용 능력', 'ADVANCED', '타입스크립트 마스터!', '2025-07-20 11:00:00', '2025-10-15 21:00:00'),
(118, 10002, 'Node.js 실무 프로젝트', 'Node.js로 실무급 백엔드 API를 구축합니다.', 43, 4, 'PLANNED', 'ONLINE', '매주 토/일 오후 1시', 'SAT,SUN', '13:00:00', 8, 1, 'COMPLETED', 'STRICT', '2025-05-15', '2025-07-31', 20, NULL, '실무급 API 서버 구축', 'INTERMEDIATE', 'Node.js 실무 역량 강화!', '2025-05-01 10:00:00', '2025-07-31 15:00:00'),
(119, 10004, '개발자 성장 스터디', '클린 코드, TDD, 리팩토링 등 개발 문화를 학습합니다.', 101, 2, 'PLANNED', 'ONLINE', '매주 일요일 오전 11시', 'SUN', '11:00:00', 10, 1, 'COMPLETED', 'LENIENT', '2025-06-01', '2025-08-31', 12, '클린 코드', '좋은 개발 습관 형성', 'INTERMEDIATE', '더 나은 개발자가 되자!', '2025-05-20 09:00:00', '2025-08-31 13:00:00'),
(120, 10001, '기술 면접 뿌시기', '기술 면접을 집중적으로 준비하고 모의 면접을 진행합니다.', 102, 5, 'PLANNED', 'ONLINE', '매주 월/수/금 오후 9시', 'MON,WED,FRI', '21:00:00', 6, 1, 'COMPLETED', 'STRICT', '2025-09-01', '2025-11-30', 36, NULL, '취업 성공!', 'INTERMEDIATE', '면접 합격을 향해!', '2025-08-20 10:00:00', '2025-11-30 22:00:00');


-- =============================================
-- 2. STUDY_MEMBER (스터디별 멤버)
-- =============================================
-- 스터디 101: 백준 골드 정복 (리더: 10000, 멤버: 10001,10002,10003,10004,10005)
INSERT INTO study_member (study_id, user_id, role, status, joined_at, is_probation, created_at) VALUES
(101, 10000, 'LEADER', 'APPROVED', '2025-08-15 10:00:00', 0, '2025-08-15 10:00:00'),
(101, 10001, 'MEMBER', 'APPROVED', '2025-08-16 14:00:00', 0, '2025-08-16 14:00:00'),
(101, 10002, 'MEMBER', 'APPROVED', '2025-08-17 09:00:00', 0, '2025-08-17 09:00:00'),
(101, 10003, 'MEMBER', 'APPROVED', '2025-08-18 11:00:00', 0, '2025-08-18 11:00:00'),
(101, 10004, 'MEMBER', 'APPROVED', '2025-08-20 16:00:00', 0, '2025-08-20 16:00:00'),
(101, 10005, 'MEMBER', 'APPROVED', '2025-08-22 10:00:00', 0, '2025-08-22 10:00:00');

-- 스터디 102: 프로그래머스 Level 3 (리더: 10001, 멤버: 10000,10002,10004,10006)
INSERT INTO study_member (study_id, user_id, role, status, joined_at, is_probation, created_at) VALUES
(102, 10001, 'LEADER', 'APPROVED', '2025-07-20 09:00:00', 0, '2025-07-20 09:00:00'),
(102, 10000, 'MEMBER', 'APPROVED', '2025-07-21 15:00:00', 0, '2025-07-21 15:00:00'),
(102, 10002, 'MEMBER', 'APPROVED', '2025-07-22 10:00:00', 0, '2025-07-22 10:00:00'),
(102, 10004, 'MEMBER', 'APPROVED', '2025-07-23 14:00:00', 0, '2025-07-23 14:00:00'),
(102, 10006, 'MEMBER', 'APPROVED', '2025-07-25 11:00:00', 0, '2025-07-25 11:00:00');

-- 스터디 103: 자료구조 완전 정복 (리더: 10000, 멤버: 10001,10003,10005,10007)
INSERT INTO study_member (study_id, user_id, role, status, joined_at, is_probation, created_at) VALUES
(103, 10000, 'LEADER', 'APPROVED', '2025-06-15 14:00:00', 0, '2025-06-15 14:00:00'),
(103, 10001, 'MEMBER', 'APPROVED', '2025-06-16 10:00:00', 0, '2025-06-16 10:00:00'),
(103, 10003, 'MEMBER', 'APPROVED', '2025-06-17 13:00:00', 0, '2025-06-17 13:00:00'),
(103, 10005, 'MEMBER', 'APPROVED', '2025-06-18 15:00:00', 0, '2025-06-18 15:00:00'),
(103, 10007, 'MEMBER', 'APPROVED', '2025-06-20 09:00:00', 0, '2025-06-20 09:00:00');

-- 스터디 104: OS 면접 대비 (리더: 10002, 멤버: 10000,10001,10004,10006)
INSERT INTO study_member (study_id, user_id, role, status, joined_at, is_probation, created_at) VALUES
(104, 10002, 'LEADER', 'APPROVED', '2025-08-01 11:00:00', 0, '2025-08-01 11:00:00'),
(104, 10000, 'MEMBER', 'APPROVED', '2025-08-02 14:00:00', 0, '2025-08-02 14:00:00'),
(104, 10001, 'MEMBER', 'APPROVED', '2025-08-03 10:00:00', 0, '2025-08-03 10:00:00'),
(104, 10004, 'MEMBER', 'APPROVED', '2025-08-05 16:00:00', 0, '2025-08-05 16:00:00'),
(104, 10006, 'MEMBER', 'APPROVED', '2025-08-07 09:00:00', 0, '2025-08-07 09:00:00');

-- 스터디 105: 네트워크 기초 (리더: 10001, 멤버: 10002,10003,10005,10007,10008)
INSERT INTO study_member (study_id, user_id, role, status, joined_at, is_probation, created_at) VALUES
(105, 10001, 'LEADER', 'APPROVED', '2025-05-20 16:00:00', 0, '2025-05-20 16:00:00'),
(105, 10002, 'MEMBER', 'APPROVED', '2025-05-21 11:00:00', 0, '2025-05-21 11:00:00'),
(105, 10003, 'MEMBER', 'APPROVED', '2025-05-22 14:00:00', 0, '2025-05-22 14:00:00'),
(105, 10005, 'MEMBER', 'APPROVED', '2025-05-23 10:00:00', 0, '2025-05-23 10:00:00'),
(105, 10007, 'MEMBER', 'APPROVED', '2025-05-25 15:00:00', 0, '2025-05-25 15:00:00'),
(105, 10008, 'MEMBER', 'APPROVED', '2025-05-27 09:00:00', 0, '2025-05-27 09:00:00');

-- 스터디 106: React 심화 (리더: 10003, 멤버: 10000,10001,10004,10005)
INSERT INTO study_member (study_id, user_id, role, status, joined_at, is_probation, created_at) VALUES
(106, 10003, 'LEADER', 'APPROVED', '2025-07-01 10:00:00', 0, '2025-07-01 10:00:00'),
(106, 10000, 'MEMBER', 'APPROVED', '2025-07-02 14:00:00', 0, '2025-07-02 14:00:00'),
(106, 10001, 'MEMBER', 'APPROVED', '2025-07-03 11:00:00', 0, '2025-07-03 11:00:00'),
(106, 10004, 'MEMBER', 'APPROVED', '2025-07-05 16:00:00', 0, '2025-07-05 16:00:00'),
(106, 10005, 'MEMBER', 'APPROVED', '2025-07-07 09:00:00', 0, '2025-07-07 09:00:00');

-- 스터디 107: Spring Boot 3.0 (리더: 10000, 멤버: 10002,10004,10006,10007,10008,10009)
INSERT INTO study_member (study_id, user_id, role, status, joined_at, is_probation, created_at) VALUES
(107, 10000, 'LEADER', 'APPROVED', '2025-04-15 09:00:00', 0, '2025-04-15 09:00:00'),
(107, 10002, 'MEMBER', 'APPROVED', '2025-04-16 14:00:00', 0, '2025-04-16 14:00:00'),
(107, 10004, 'MEMBER', 'APPROVED', '2025-04-17 10:00:00', 0, '2025-04-17 10:00:00'),
(107, 10006, 'MEMBER', 'APPROVED', '2025-04-18 15:00:00', 0, '2025-04-18 15:00:00'),
(107, 10007, 'MEMBER', 'APPROVED', '2025-04-20 11:00:00', 0, '2025-04-20 11:00:00'),
(107, 10008, 'MEMBER', 'APPROVED', '2025-04-22 09:00:00', 0, '2025-04-22 09:00:00'),
(107, 10009, 'MEMBER', 'APPROVED', '2025-04-24 14:00:00', 0, '2025-04-24 14:00:00');

-- 스터디 108: 쿠버네티스 입문 (리더: 10002, 멤버: 10001,10003,10005,10007)
INSERT INTO study_member (study_id, user_id, role, status, joined_at, is_probation, created_at) VALUES
(108, 10002, 'LEADER', 'APPROVED', '2025-07-20 11:00:00', 0, '2025-07-20 11:00:00'),
(108, 10001, 'MEMBER', 'APPROVED', '2025-07-21 14:00:00', 0, '2025-07-21 14:00:00'),
(108, 10003, 'MEMBER', 'APPROVED', '2025-07-22 10:00:00', 0, '2025-07-22 10:00:00'),
(108, 10005, 'MEMBER', 'APPROVED', '2025-07-23 15:00:00', 0, '2025-07-23 15:00:00'),
(108, 10007, 'MEMBER', 'APPROVED', '2025-07-25 09:00:00', 0, '2025-07-25 09:00:00');

-- 스터디 109: AWS SAA (리더: 10004, 멤버: 10000,10002,10006,10008)
INSERT INTO study_member (study_id, user_id, role, status, joined_at, is_probation, created_at) VALUES
(109, 10004, 'LEADER', 'APPROVED', '2025-05-15 14:00:00', 0, '2025-05-15 14:00:00'),
(109, 10000, 'MEMBER', 'APPROVED', '2025-05-16 10:00:00', 0, '2025-05-16 10:00:00'),
(109, 10002, 'MEMBER', 'APPROVED', '2025-05-17 15:00:00', 0, '2025-05-17 15:00:00'),
(109, 10006, 'MEMBER', 'APPROVED', '2025-05-19 11:00:00', 0, '2025-05-19 11:00:00'),
(109, 10008, 'MEMBER', 'APPROVED', '2025-05-21 09:00:00', 0, '2025-05-21 09:00:00');

-- 스터디 110: Kotlin Android (리더: 10001, 멤버: 10003,10005,10007,10009)
INSERT INTO study_member (study_id, user_id, role, status, joined_at, is_probation, created_at) VALUES
(110, 10001, 'LEADER', 'APPROVED', '2025-06-20 10:00:00', 0, '2025-06-20 10:00:00'),
(110, 10003, 'MEMBER', 'APPROVED', '2025-06-21 14:00:00', 0, '2025-06-21 14:00:00'),
(110, 10005, 'MEMBER', 'APPROVED', '2025-06-22 11:00:00', 0, '2025-06-22 11:00:00'),
(110, 10007, 'MEMBER', 'APPROVED', '2025-06-23 15:00:00', 0, '2025-06-23 15:00:00'),
(110, 10009, 'MEMBER', 'APPROVED', '2025-06-25 09:00:00', 0, '2025-06-25 09:00:00');

-- 스터디 111: Flutter (리더: 10003, 멤버: 10000,10002,10004,10006,10008)
INSERT INTO study_member (study_id, user_id, role, status, joined_at, is_probation, created_at) VALUES
(111, 10003, 'LEADER', 'APPROVED', '2025-04-20 09:00:00', 0, '2025-04-20 09:00:00'),
(111, 10000, 'MEMBER', 'APPROVED', '2025-04-21 14:00:00', 0, '2025-04-21 14:00:00'),
(111, 10002, 'MEMBER', 'APPROVED', '2025-04-22 10:00:00', 0, '2025-04-22 10:00:00'),
(111, 10004, 'MEMBER', 'APPROVED', '2025-04-23 15:00:00', 0, '2025-04-23 15:00:00'),
(111, 10006, 'MEMBER', 'APPROVED', '2025-04-25 11:00:00', 0, '2025-04-25 11:00:00'),
(111, 10008, 'MEMBER', 'APPROVED', '2025-04-27 09:00:00', 0, '2025-04-27 09:00:00');

-- 스터디 112: 머신러닝 첫걸음 (리더: 10000, 멤버: 10001,10003,10005,10007)
INSERT INTO study_member (study_id, user_id, role, status, joined_at, is_probation, created_at) VALUES
(112, 10000, 'LEADER', 'APPROVED', '2025-05-20 11:00:00', 0, '2025-05-20 11:00:00'),
(112, 10001, 'MEMBER', 'APPROVED', '2025-05-21 14:00:00', 0, '2025-05-21 14:00:00'),
(112, 10003, 'MEMBER', 'APPROVED', '2025-05-22 10:00:00', 0, '2025-05-22 10:00:00'),
(112, 10005, 'MEMBER', 'APPROVED', '2025-05-23 15:00:00', 0, '2025-05-23 15:00:00'),
(112, 10007, 'MEMBER', 'APPROVED', '2025-05-25 09:00:00', 0, '2025-05-25 09:00:00');

-- 스터디 113: 딥러닝 논문 (리더: 10002, 멤버: 10000,10004,10006)
INSERT INTO study_member (study_id, user_id, role, status, joined_at, is_probation, created_at) VALUES
(113, 10002, 'LEADER', 'APPROVED', '2025-06-15 14:00:00', 0, '2025-06-15 14:00:00'),
(113, 10000, 'MEMBER', 'APPROVED', '2025-06-16 10:00:00', 0, '2025-06-16 10:00:00'),
(113, 10004, 'MEMBER', 'APPROVED', '2025-06-17 15:00:00', 0, '2025-06-17 15:00:00'),
(113, 10006, 'MEMBER', 'APPROVED', '2025-06-19 11:00:00', 0, '2025-06-19 11:00:00');

-- 스터디 114: Python 데이터 분석 (리더: 10004, 멤버: 10001,10003,10005,10007,10009)
INSERT INTO study_member (study_id, user_id, role, status, joined_at, is_probation, created_at) VALUES
(114, 10004, 'LEADER', 'APPROVED', '2025-07-20 10:00:00', 0, '2025-07-20 10:00:00'),
(114, 10001, 'MEMBER', 'APPROVED', '2025-07-21 14:00:00', 0, '2025-07-21 14:00:00'),
(114, 10003, 'MEMBER', 'APPROVED', '2025-07-22 11:00:00', 0, '2025-07-22 11:00:00'),
(114, 10005, 'MEMBER', 'APPROVED', '2025-07-23 15:00:00', 0, '2025-07-23 15:00:00'),
(114, 10007, 'MEMBER', 'APPROVED', '2025-07-25 09:00:00', 0, '2025-07-25 09:00:00'),
(114, 10009, 'MEMBER', 'APPROVED', '2025-07-27 10:00:00', 0, '2025-07-27 10:00:00');

-- 스터디 115: SQL 기초부터 고급 (리더: 10001, 멤버: 10000,10002,10004,10006,10008)
INSERT INTO study_member (study_id, user_id, role, status, joined_at, is_probation, created_at) VALUES
(115, 10001, 'LEADER', 'APPROVED', '2025-05-20 09:00:00', 0, '2025-05-20 09:00:00'),
(115, 10000, 'MEMBER', 'APPROVED', '2025-05-21 14:00:00', 0, '2025-05-21 14:00:00'),
(115, 10002, 'MEMBER', 'APPROVED', '2025-05-22 10:00:00', 0, '2025-05-22 10:00:00'),
(115, 10004, 'MEMBER', 'APPROVED', '2025-05-23 15:00:00', 0, '2025-05-23 15:00:00'),
(115, 10006, 'MEMBER', 'APPROVED', '2025-05-25 11:00:00', 0, '2025-05-25 11:00:00'),
(115, 10008, 'MEMBER', 'APPROVED', '2025-05-27 09:00:00', 0, '2025-05-27 09:00:00');

-- 스터디 116: OWASP Top 10 (리더: 10003, 멤버: 10001,10005,10007)
INSERT INTO study_member (study_id, user_id, role, status, joined_at, is_probation, created_at) VALUES
(116, 10003, 'LEADER', 'APPROVED', '2025-06-20 14:00:00', 0, '2025-06-20 14:00:00'),
(116, 10001, 'MEMBER', 'APPROVED', '2025-06-21 10:00:00', 0, '2025-06-21 10:00:00'),
(116, 10005, 'MEMBER', 'APPROVED', '2025-06-22 15:00:00', 0, '2025-06-22 15:00:00'),
(116, 10007, 'MEMBER', 'APPROVED', '2025-06-23 11:00:00', 0, '2025-06-23 11:00:00');

-- 스터디 117: TypeScript 고급 (리더: 10000, 멤버: 10002,10004,10006)
INSERT INTO study_member (study_id, user_id, role, status, joined_at, is_probation, created_at) VALUES
(117, 10000, 'LEADER', 'APPROVED', '2025-07-20 11:00:00', 0, '2025-07-20 11:00:00'),
(117, 10002, 'MEMBER', 'APPROVED', '2025-07-21 14:00:00', 0, '2025-07-21 14:00:00'),
(117, 10004, 'MEMBER', 'APPROVED', '2025-07-22 10:00:00', 0, '2025-07-22 10:00:00'),
(117, 10006, 'MEMBER', 'APPROVED', '2025-07-23 15:00:00', 0, '2025-07-23 15:00:00');

-- 스터디 118: Node.js 실무 (리더: 10002, 멤버: 10000,10001,10004,10007)
INSERT INTO study_member (study_id, user_id, role, status, joined_at, is_probation, created_at) VALUES
(118, 10002, 'LEADER', 'APPROVED', '2025-05-01 10:00:00', 0, '2025-05-01 10:00:00'),
(118, 10000, 'MEMBER', 'APPROVED', '2025-05-02 14:00:00', 0, '2025-05-02 14:00:00'),
(118, 10001, 'MEMBER', 'APPROVED', '2025-05-03 11:00:00', 0, '2025-05-03 11:00:00'),
(118, 10004, 'MEMBER', 'APPROVED', '2025-05-05 15:00:00', 0, '2025-05-05 15:00:00'),
(118, 10007, 'MEMBER', 'APPROVED', '2025-05-07 09:00:00', 0, '2025-05-07 09:00:00');

-- 스터디 119: 개발자 성장 (리더: 10004, 멤버: 10000,10002,10005,10008,10009)
INSERT INTO study_member (study_id, user_id, role, status, joined_at, is_probation, created_at) VALUES
(119, 10004, 'LEADER', 'APPROVED', '2025-05-20 09:00:00', 0, '2025-05-20 09:00:00'),
(119, 10000, 'MEMBER', 'APPROVED', '2025-05-21 14:00:00', 0, '2025-05-21 14:00:00'),
(119, 10002, 'MEMBER', 'APPROVED', '2025-05-22 10:00:00', 0, '2025-05-22 10:00:00'),
(119, 10005, 'MEMBER', 'APPROVED', '2025-05-23 15:00:00', 0, '2025-05-23 15:00:00'),
(119, 10008, 'MEMBER', 'APPROVED', '2025-05-25 11:00:00', 0, '2025-05-25 11:00:00'),
(119, 10009, 'MEMBER', 'APPROVED', '2025-05-27 09:00:00', 0, '2025-05-27 09:00:00');

-- 스터디 120: 기술 면접 (리더: 10001, 멤버: 10000,10003,10006,10009)
INSERT INTO study_member (study_id, user_id, role, status, joined_at, is_probation, created_at) VALUES
(120, 10001, 'LEADER', 'APPROVED', '2025-08-20 10:00:00', 0, '2025-08-20 10:00:00'),
(120, 10000, 'MEMBER', 'APPROVED', '2025-08-21 14:00:00', 0, '2025-08-21 14:00:00'),
(120, 10003, 'MEMBER', 'APPROVED', '2025-08-22 11:00:00', 0, '2025-08-22 11:00:00'),
(120, 10006, 'MEMBER', 'APPROVED', '2025-08-23 15:00:00', 0, '2025-08-23 15:00:00'),
(120, 10009, 'MEMBER', 'APPROVED', '2025-08-25 09:00:00', 0, '2025-08-25 09:00:00');


-- =============================================
-- 3. STUDY_SESSION (스터디 세션 - 스터디당 8개씩)
-- =============================================
-- 스터디 101: 백준 골드 (12주, 8개 세션)
INSERT INTO study_session (id, study_id, session_number, title, description, scheduled_at, duration_minutes, is_online, status, completed_at, created_at) VALUES
(1001, 101, 1, '1주차: DP 기초', '다이나믹 프로그래밍 기초 문제', '2025-09-06 14:00:00', 120, 1, 'COMPLETED', '2025-09-06 16:00:00', '2025-08-15 10:00:00'),
(1002, 101, 2, '2주차: DP 심화', '다이나믹 프로그래밍 심화 문제', '2025-09-13 14:00:00', 120, 1, 'COMPLETED', '2025-09-13 16:00:00', '2025-08-15 10:00:00'),
(1003, 101, 3, '3주차: 그래프 기초', 'BFS/DFS 기초', '2025-09-20 14:00:00', 120, 1, 'COMPLETED', '2025-09-20 16:00:00', '2025-08-15 10:00:00'),
(1004, 101, 4, '4주차: 그래프 심화', '최단경로 알고리즘', '2025-09-27 14:00:00', 120, 1, 'COMPLETED', '2025-09-27 16:00:00', '2025-08-15 10:00:00'),
(1005, 101, 5, '5주차: 이분탐색', '이분탐색 응용', '2025-10-04 14:00:00', 120, 1, 'COMPLETED', '2025-10-04 16:00:00', '2025-08-15 10:00:00'),
(1006, 101, 6, '6주차: 자료구조', '세그먼트 트리', '2025-10-11 14:00:00', 120, 1, 'COMPLETED', '2025-10-11 16:00:00', '2025-08-15 10:00:00'),
(1007, 101, 7, '7주차: 문자열', 'KMP, 해싱', '2025-10-18 14:00:00', 120, 1, 'COMPLETED', '2025-10-18 16:00:00', '2025-08-15 10:00:00'),
(1008, 101, 8, '8주차: 종합', '종합 문제 풀이', '2025-10-25 14:00:00', 120, 1, 'COMPLETED', '2025-10-25 16:00:00', '2025-08-15 10:00:00');

-- 스터디 102: 프로그래머스 (8개 세션)
INSERT INTO study_session (id, study_id, session_number, title, description, scheduled_at, duration_minutes, is_online, status, completed_at, created_at) VALUES
(1011, 102, 1, '1주차: 해시/스택', '해시와 스택 문제', '2025-08-06 20:00:00', 90, 1, 'COMPLETED', '2025-08-06 21:30:00', '2025-07-20 09:00:00'),
(1012, 102, 2, '2주차: 큐/힙', '큐와 힙 문제', '2025-08-13 20:00:00', 90, 1, 'COMPLETED', '2025-08-13 21:30:00', '2025-07-20 09:00:00'),
(1013, 102, 3, '3주차: 정렬/탐색', '정렬과 탐색 문제', '2025-08-20 20:00:00', 90, 1, 'COMPLETED', '2025-08-20 21:30:00', '2025-07-20 09:00:00'),
(1014, 102, 4, '4주차: DFS/BFS', '그래프 탐색', '2025-08-27 20:00:00', 90, 1, 'COMPLETED', '2025-08-27 21:30:00', '2025-07-20 09:00:00'),
(1015, 102, 5, '5주차: 그리디', '탐욕법 문제', '2025-09-03 20:00:00', 90, 1, 'COMPLETED', '2025-09-03 21:30:00', '2025-07-20 09:00:00'),
(1016, 102, 6, '6주차: DP', '동적 프로그래밍', '2025-09-10 20:00:00', 90, 1, 'COMPLETED', '2025-09-10 21:30:00', '2025-07-20 09:00:00'),
(1017, 102, 7, '7주차: 이분탐색', '이분탐색 응용', '2025-09-17 20:00:00', 90, 1, 'COMPLETED', '2025-09-17 21:30:00', '2025-07-20 09:00:00'),
(1018, 102, 8, '8주차: 종합', '모의 코딩테스트', '2025-09-24 20:00:00', 90, 1, 'COMPLETED', '2025-09-24 21:30:00', '2025-07-20 09:00:00');

-- 스터디 103: 자료구조 (8개 세션)
INSERT INTO study_session (id, study_id, session_number, title, description, scheduled_at, duration_minutes, is_online, status, completed_at, created_at) VALUES
(1021, 103, 1, '1주차: 배열과 연결 리스트', '기본 자료구조', '2025-07-03 19:00:00', 90, 1, 'COMPLETED', '2025-07-03 20:30:00', '2025-06-15 14:00:00'),
(1022, 103, 2, '2주차: 스택과 큐', '선형 자료구조', '2025-07-10 19:00:00', 90, 1, 'COMPLETED', '2025-07-10 20:30:00', '2025-06-15 14:00:00'),
(1023, 103, 3, '3주차: 해시 테이블', '해시 함수와 충돌 해결', '2025-07-17 19:00:00', 90, 1, 'COMPLETED', '2025-07-17 20:30:00', '2025-06-15 14:00:00'),
(1024, 103, 4, '4주차: 트리', '이진 트리, BST', '2025-07-24 19:00:00', 90, 1, 'COMPLETED', '2025-07-24 20:30:00', '2025-06-15 14:00:00'),
(1025, 103, 5, '5주차: 힙', '우선순위 큐', '2025-07-31 19:00:00', 90, 1, 'COMPLETED', '2025-07-31 20:30:00', '2025-06-15 14:00:00'),
(1026, 103, 6, '6주차: 그래프', '그래프 표현과 탐색', '2025-08-07 19:00:00', 90, 1, 'COMPLETED', '2025-08-07 20:30:00', '2025-06-15 14:00:00'),
(1027, 103, 7, '7주차: 고급 트리', 'AVL, 레드블랙', '2025-08-14 19:00:00', 90, 1, 'COMPLETED', '2025-08-14 20:30:00', '2025-06-15 14:00:00'),
(1028, 103, 8, '8주차: 종합 복습', '전체 복습', '2025-08-21 19:00:00', 90, 1, 'COMPLETED', '2025-08-21 20:30:00', '2025-06-15 14:00:00');

-- 스터디 104: OS 면접 (8개 세션)
INSERT INTO study_session (id, study_id, session_number, title, description, scheduled_at, duration_minutes, is_online, status, completed_at, created_at) VALUES
(1031, 104, 1, '1주차: 프로세스', '프로세스 개념', '2025-08-17 10:00:00', 120, 1, 'COMPLETED', '2025-08-17 12:00:00', '2025-08-01 11:00:00'),
(1032, 104, 2, '2주차: 스레드', '스레드와 동시성', '2025-08-24 10:00:00', 120, 1, 'COMPLETED', '2025-08-24 12:00:00', '2025-08-01 11:00:00'),
(1033, 104, 3, '3주차: 동기화', '뮤텍스, 세마포어', '2025-08-31 10:00:00', 120, 1, 'COMPLETED', '2025-08-31 12:00:00', '2025-08-01 11:00:00'),
(1034, 104, 4, '4주차: 데드락', '교착상태 해결', '2025-09-07 10:00:00', 120, 1, 'COMPLETED', '2025-09-07 12:00:00', '2025-08-01 11:00:00'),
(1035, 104, 5, '5주차: 메모리 관리', '페이징, 세그멘테이션', '2025-09-14 10:00:00', 120, 1, 'COMPLETED', '2025-09-14 12:00:00', '2025-08-01 11:00:00'),
(1036, 104, 6, '6주차: 가상 메모리', '페이지 교체', '2025-09-21 10:00:00', 120, 1, 'COMPLETED', '2025-09-21 12:00:00', '2025-08-01 11:00:00'),
(1037, 104, 7, '7주차: 파일 시스템', '파일 시스템 구조', '2025-09-28 10:00:00', 120, 1, 'COMPLETED', '2025-09-28 12:00:00', '2025-08-01 11:00:00'),
(1038, 104, 8, '8주차: 모의 면접', '종합 면접', '2025-10-05 10:00:00', 120, 1, 'COMPLETED', '2025-10-05 12:00:00', '2025-08-01 11:00:00');

-- 스터디 105: 네트워크 (8개 세션)
INSERT INTO study_session (id, study_id, session_number, title, description, scheduled_at, duration_minutes, is_online, status, completed_at, created_at) VALUES
(1041, 105, 1, '1주차: OSI 7계층', '네트워크 계층 구조', '2025-06-06 20:00:00', 90, 1, 'COMPLETED', '2025-06-06 21:30:00', '2025-05-20 16:00:00'),
(1042, 105, 2, '2주차: TCP/UDP', '전송 계층', '2025-06-13 20:00:00', 90, 1, 'COMPLETED', '2025-06-13 21:30:00', '2025-05-20 16:00:00'),
(1043, 105, 3, '3주차: IP와 라우팅', '네트워크 계층', '2025-06-20 20:00:00', 90, 1, 'COMPLETED', '2025-06-20 21:30:00', '2025-05-20 16:00:00'),
(1044, 105, 4, '4주차: HTTP/HTTPS', '웹 프로토콜', '2025-06-27 20:00:00', 90, 1, 'COMPLETED', '2025-06-27 21:30:00', '2025-05-20 16:00:00'),
(1045, 105, 5, '5주차: DNS', '도메인 시스템', '2025-07-04 20:00:00', 90, 1, 'COMPLETED', '2025-07-04 21:30:00', '2025-05-20 16:00:00'),
(1046, 105, 6, '6주차: 로드밸런싱', '부하 분산', '2025-07-11 20:00:00', 90, 1, 'COMPLETED', '2025-07-11 21:30:00', '2025-05-20 16:00:00'),
(1047, 105, 7, '7주차: 보안', 'TLS, 방화벽', '2025-07-18 20:00:00', 90, 1, 'COMPLETED', '2025-07-18 21:30:00', '2025-05-20 16:00:00'),
(1048, 105, 8, '8주차: 종합', '네트워크 면접 대비', '2025-07-25 20:00:00', 90, 1, 'COMPLETED', '2025-07-25 21:30:00', '2025-05-20 16:00:00');

-- 스터디 106: React 심화 (8개 세션)
INSERT INTO study_session (id, study_id, session_number, title, description, scheduled_at, duration_minutes, is_online, status, completed_at, created_at) VALUES
(1051, 106, 1, '1주차: 훅 심화', 'useCallback, useMemo', '2025-07-21 21:00:00', 90, 1, 'COMPLETED', '2025-07-21 22:30:00', '2025-07-01 10:00:00'),
(1052, 106, 2, '2주차: 상태 관리', 'Zustand, Jotai', '2025-07-28 21:00:00', 90, 1, 'COMPLETED', '2025-07-28 22:30:00', '2025-07-01 10:00:00'),
(1053, 106, 3, '3주차: 서버 상태', 'TanStack Query', '2025-08-04 21:00:00', 90, 1, 'COMPLETED', '2025-08-04 22:30:00', '2025-07-01 10:00:00'),
(1054, 106, 4, '4주차: 성능 최적화', 'React Profiler', '2025-08-11 21:00:00', 90, 1, 'COMPLETED', '2025-08-11 22:30:00', '2025-07-01 10:00:00'),
(1055, 106, 5, '5주차: 코드 스플리팅', '동적 임포트', '2025-08-18 21:00:00', 90, 1, 'COMPLETED', '2025-08-18 22:30:00', '2025-07-01 10:00:00'),
(1056, 106, 6, '6주차: 테스팅', 'Jest, RTL', '2025-08-25 21:00:00', 90, 1, 'COMPLETED', '2025-08-25 22:30:00', '2025-07-01 10:00:00'),
(1057, 106, 7, '7주차: 접근성', 'a11y 패턴', '2025-09-01 21:00:00', 90, 1, 'COMPLETED', '2025-09-01 22:30:00', '2025-07-01 10:00:00'),
(1058, 106, 8, '8주차: 프로젝트 리뷰', '코드 리뷰', '2025-09-08 21:00:00', 90, 1, 'COMPLETED', '2025-09-08 22:30:00', '2025-07-01 10:00:00');

-- 스터디 107: Spring Boot (8개 세션)
INSERT INTO study_session (id, study_id, session_number, title, description, scheduled_at, duration_minutes, is_online, status, completed_at, created_at) VALUES
(1061, 107, 1, '1주차: Spring Boot 기초', '프로젝트 설정', '2025-05-03 14:00:00', 120, 1, 'COMPLETED', '2025-05-03 16:00:00', '2025-04-15 09:00:00'),
(1062, 107, 2, '2주차: JPA 기초', '엔티티 매핑', '2025-05-10 14:00:00', 120, 1, 'COMPLETED', '2025-05-10 16:00:00', '2025-04-15 09:00:00'),
(1063, 107, 3, '3주차: JPA 심화', 'QueryDSL', '2025-05-17 14:00:00', 120, 1, 'COMPLETED', '2025-05-17 16:00:00', '2025-04-15 09:00:00'),
(1064, 107, 4, '4주차: Security', '인증/인가', '2025-05-24 14:00:00', 120, 1, 'COMPLETED', '2025-05-24 16:00:00', '2025-04-15 09:00:00'),
(1065, 107, 5, '5주차: 테스트', 'JUnit5, Mockito', '2025-05-31 14:00:00', 120, 1, 'COMPLETED', '2025-05-31 16:00:00', '2025-04-15 09:00:00'),
(1066, 107, 6, '6주차: API 설계', 'REST API 베스트', '2025-06-07 14:00:00', 120, 1, 'COMPLETED', '2025-06-07 16:00:00', '2025-04-15 09:00:00'),
(1067, 107, 7, '7주차: 배포', 'Docker, CI/CD', '2025-06-14 14:00:00', 120, 1, 'COMPLETED', '2025-06-14 16:00:00', '2025-04-15 09:00:00'),
(1068, 107, 8, '8주차: 프로젝트', '종합 프로젝트', '2025-06-21 14:00:00', 120, 1, 'COMPLETED', '2025-06-21 16:00:00', '2025-04-15 09:00:00');

-- 스터디 108: 쿠버네티스 (8개 세션)
INSERT INTO study_session (id, study_id, session_number, title, description, scheduled_at, duration_minutes, is_online, status, completed_at, created_at) VALUES
(1071, 108, 1, '1주차: Docker 기초', '컨테이너 기본', '2025-08-06 20:00:00', 90, 1, 'COMPLETED', '2025-08-06 21:30:00', '2025-07-20 11:00:00'),
(1072, 108, 2, '2주차: Docker 심화', 'Dockerfile 작성', '2025-08-13 20:00:00', 90, 1, 'COMPLETED', '2025-08-13 21:30:00', '2025-07-20 11:00:00'),
(1073, 108, 3, '3주차: K8s 아키텍처', '클러스터 구조', '2025-08-20 20:00:00', 90, 1, 'COMPLETED', '2025-08-20 21:30:00', '2025-07-20 11:00:00'),
(1074, 108, 4, '4주차: Pod와 Service', '기본 리소스', '2025-08-27 20:00:00', 90, 1, 'COMPLETED', '2025-08-27 21:30:00', '2025-07-20 11:00:00'),
(1075, 108, 5, '5주차: Deployment', '배포 전략', '2025-09-03 20:00:00', 90, 1, 'COMPLETED', '2025-09-03 21:30:00', '2025-07-20 11:00:00'),
(1076, 108, 6, '6주차: ConfigMap/Secret', '설정 관리', '2025-09-10 20:00:00', 90, 1, 'COMPLETED', '2025-09-10 21:30:00', '2025-07-20 11:00:00'),
(1077, 108, 7, '7주차: 모니터링', 'Prometheus, Grafana', '2025-09-17 20:00:00', 90, 1, 'COMPLETED', '2025-09-17 21:30:00', '2025-07-20 11:00:00'),
(1078, 108, 8, '8주차: Helm', '패키지 관리', '2025-09-24 20:00:00', 90, 1, 'COMPLETED', '2025-09-24 21:30:00', '2025-07-20 11:00:00');


-- =============================================
-- 4. ATTENDANCE (출석 기록 - 일부 세션)
-- =============================================
-- 스터디 101 세션 1001 출석
INSERT INTO attendance (session_id, user_id, check_type, status, checked_at, created_at) VALUES
(1001, 10000, 'SELF', 'PRESENT', '2025-09-06 14:05:00', '2025-09-06 14:05:00'),
(1001, 10001, 'SELF', 'PRESENT', '2025-09-06 14:03:00', '2025-09-06 14:03:00'),
(1001, 10002, 'SELF', 'LATE', '2025-09-06 14:20:00', '2025-09-06 14:20:00'),
(1001, 10003, 'SELF', 'PRESENT', '2025-09-06 14:02:00', '2025-09-06 14:02:00'),
(1001, 10004, 'SELF', 'PRESENT', '2025-09-06 14:08:00', '2025-09-06 14:08:00'),
(1001, 10005, 'SELF', 'ABSENT', NULL, '2025-09-06 14:00:00');

-- 스터디 101 세션 1002 출석
INSERT INTO attendance (session_id, user_id, check_type, status, checked_at, created_at) VALUES
(1002, 10000, 'SELF', 'PRESENT', '2025-09-13 14:01:00', '2025-09-13 14:01:00'),
(1002, 10001, 'SELF', 'PRESENT', '2025-09-13 14:05:00', '2025-09-13 14:05:00'),
(1002, 10002, 'SELF', 'PRESENT', '2025-09-13 14:03:00', '2025-09-13 14:03:00'),
(1002, 10003, 'SELF', 'PRESENT', '2025-09-13 14:02:00', '2025-09-13 14:02:00'),
(1002, 10004, 'SELF', 'LATE', '2025-09-13 14:15:00', '2025-09-13 14:15:00'),
(1002, 10005, 'SELF', 'PRESENT', '2025-09-13 14:04:00', '2025-09-13 14:04:00');

-- 스터디 102 세션 1011 출석
INSERT INTO attendance (session_id, user_id, check_type, status, checked_at, created_at) VALUES
(1011, 10001, 'SELF', 'PRESENT', '2025-08-06 20:02:00', '2025-08-06 20:02:00'),
(1011, 10000, 'SELF', 'PRESENT', '2025-08-06 20:05:00', '2025-08-06 20:05:00'),
(1011, 10002, 'SELF', 'PRESENT', '2025-08-06 20:03:00', '2025-08-06 20:03:00'),
(1011, 10004, 'SELF', 'PRESENT', '2025-08-06 20:01:00', '2025-08-06 20:01:00'),
(1011, 10006, 'SELF', 'LATE', '2025-08-06 20:18:00', '2025-08-06 20:18:00');

-- 스터디 103 세션 1021 출석
INSERT INTO attendance (session_id, user_id, check_type, status, checked_at, created_at) VALUES
(1021, 10000, 'SELF', 'PRESENT', '2025-07-03 19:02:00', '2025-07-03 19:02:00'),
(1021, 10001, 'SELF', 'PRESENT', '2025-07-03 19:05:00', '2025-07-03 19:05:00'),
(1021, 10003, 'SELF', 'PRESENT', '2025-07-03 19:01:00', '2025-07-03 19:01:00'),
(1021, 10005, 'SELF', 'PRESENT', '2025-07-03 19:03:00', '2025-07-03 19:03:00'),
(1021, 10007, 'SELF', 'PRESENT', '2025-07-03 19:04:00', '2025-07-03 19:04:00');

-- 스터디 104 세션 1031 출석
INSERT INTO attendance (session_id, user_id, check_type, status, checked_at, created_at) VALUES
(1031, 10002, 'SELF', 'PRESENT', '2025-08-17 10:01:00', '2025-08-17 10:01:00'),
(1031, 10000, 'SELF', 'PRESENT', '2025-08-17 10:03:00', '2025-08-17 10:03:00'),
(1031, 10001, 'SELF', 'PRESENT', '2025-08-17 10:02:00', '2025-08-17 10:02:00'),
(1031, 10004, 'SELF', 'LATE', '2025-08-17 10:15:00', '2025-08-17 10:15:00'),
(1031, 10006, 'SELF', 'PRESENT', '2025-08-17 10:05:00', '2025-08-17 10:05:00');

-- 스터디 105 세션 1041 출석
INSERT INTO attendance (session_id, user_id, check_type, status, checked_at, created_at) VALUES
(1041, 10001, 'SELF', 'PRESENT', '2025-06-06 20:01:00', '2025-06-06 20:01:00'),
(1041, 10002, 'SELF', 'PRESENT', '2025-06-06 20:03:00', '2025-06-06 20:03:00'),
(1041, 10003, 'SELF', 'PRESENT', '2025-06-06 20:02:00', '2025-06-06 20:02:00'),
(1041, 10005, 'SELF', 'PRESENT', '2025-06-06 20:04:00', '2025-06-06 20:04:00'),
(1041, 10007, 'SELF', 'LATE', '2025-06-06 20:12:00', '2025-06-06 20:12:00'),
(1041, 10008, 'SELF', 'PRESENT', '2025-06-06 20:05:00', '2025-06-06 20:05:00');


-- =============================================
-- 5. MEETING (미팅 기록)
-- =============================================
INSERT INTO meeting (id, study_id, session_id, title, started_at, ended_at, duration_seconds, participant_count, status, meeting_type, created_at) VALUES
-- 스터디 101 미팅
(2001, 101, 1001, '1주차 DP 기초 미팅', '2025-09-06 14:00:00', '2025-09-06 16:00:00', 7200, 6, 'ENDED', 'WEEKLY', '2025-09-06 14:00:00'),
(2002, 101, 1002, '2주차 DP 심화 미팅', '2025-09-13 14:00:00', '2025-09-13 16:00:00', 7200, 6, 'ENDED', 'WEEKLY', '2025-09-13 14:00:00'),
(2003, 101, 1003, '3주차 그래프 미팅', '2025-09-20 14:00:00', '2025-09-20 16:00:00', 7200, 5, 'ENDED', 'WEEKLY', '2025-09-20 14:00:00'),
(2004, 101, 1004, '4주차 최단경로 미팅', '2025-09-27 14:00:00', '2025-09-27 16:00:00', 7200, 6, 'ENDED', 'WEEKLY', '2025-09-27 14:00:00'),
-- 스터디 102 미팅
(2011, 102, 1011, '1주차 해시/스택 미팅', '2025-08-06 20:00:00', '2025-08-06 21:30:00', 5400, 5, 'ENDED', 'WEEKLY', '2025-08-06 20:00:00'),
(2012, 102, 1012, '2주차 큐/힙 미팅', '2025-08-13 20:00:00', '2025-08-13 21:30:00', 5400, 5, 'ENDED', 'WEEKLY', '2025-08-13 20:00:00'),
(2013, 102, 1015, '5주차 그리디 미팅', '2025-09-03 20:00:00', '2025-09-03 21:30:00', 5400, 4, 'ENDED', 'WEEKLY', '2025-09-03 20:00:00'),
-- 스터디 103 미팅
(2021, 103, 1021, '1주차 배열/리스트 미팅', '2025-07-03 19:00:00', '2025-07-03 20:30:00', 5400, 5, 'ENDED', 'WEEKLY', '2025-07-03 19:00:00'),
(2022, 103, 1024, '4주차 트리 미팅', '2025-07-24 19:00:00', '2025-07-24 20:30:00', 5400, 5, 'ENDED', 'WEEKLY', '2025-07-24 19:00:00'),
-- 스터디 104 미팅
(2031, 104, 1031, '1주차 프로세스 미팅', '2025-08-17 10:00:00', '2025-08-17 12:00:00', 7200, 5, 'ENDED', 'WEEKLY', '2025-08-17 10:00:00'),
(2032, 104, 1034, '4주차 데드락 미팅', '2025-09-07 10:00:00', '2025-09-07 12:00:00', 7200, 5, 'ENDED', 'WEEKLY', '2025-09-07 10:00:00'),
(2033, 104, 1038, '8주차 모의면접 미팅', '2025-10-05 10:00:00', '2025-10-05 12:00:00', 7200, 5, 'ENDED', 'WEEKLY', '2025-10-05 10:00:00'),
-- 스터디 105 미팅
(2041, 105, 1041, '1주차 OSI 7계층 미팅', '2025-06-06 20:00:00', '2025-06-06 21:30:00', 5400, 6, 'ENDED', 'WEEKLY', '2025-06-06 20:00:00'),
(2042, 105, 1044, '4주차 HTTP 미팅', '2025-06-27 20:00:00', '2025-06-27 21:30:00', 5400, 5, 'ENDED', 'WEEKLY', '2025-06-27 20:00:00'),
-- 스터디 106 미팅
(2051, 106, 1051, '1주차 훅 심화 미팅', '2025-07-21 21:00:00', '2025-07-21 22:30:00', 5400, 5, 'ENDED', 'WEEKLY', '2025-07-21 21:00:00'),
(2052, 106, 1053, '3주차 서버상태 미팅', '2025-08-04 21:00:00', '2025-08-04 22:30:00', 5400, 5, 'ENDED', 'WEEKLY', '2025-08-04 21:00:00'),
-- 스터디 107 미팅
(2061, 107, 1061, '1주차 Spring 기초 미팅', '2025-05-03 14:00:00', '2025-05-03 16:00:00', 7200, 7, 'ENDED', 'WEEKLY', '2025-05-03 14:00:00'),
(2062, 107, 1064, '4주차 Security 미팅', '2025-05-24 14:00:00', '2025-05-24 16:00:00', 7200, 6, 'ENDED', 'WEEKLY', '2025-05-24 14:00:00'),
(2063, 107, 1068, '8주차 프로젝트 미팅', '2025-06-21 14:00:00', '2025-06-21 16:00:00', 7200, 7, 'ENDED', 'WEEKLY', '2025-06-21 14:00:00'),
-- 스터디 108 미팅
(2071, 108, 1071, '1주차 Docker 기초 미팅', '2025-08-06 20:00:00', '2025-08-06 21:30:00', 5400, 5, 'ENDED', 'WEEKLY', '2025-08-06 20:00:00'),
(2072, 108, 1074, '4주차 Pod/Service 미팅', '2025-08-27 20:00:00', '2025-08-27 21:30:00', 5400, 4, 'ENDED', 'WEEKLY', '2025-08-27 20:00:00');


-- =============================================
-- 6. CURRICULUM (커리큘럼)
-- =============================================
INSERT INTO curriculum (study_id, week_number, title, description, created_at) VALUES
-- 스터디 101: 백준 골드
(101, 1, 'DP 기초', '다이나믹 프로그래밍 입문 - 피보나치, 계단 오르기', '2025-08-15 10:00:00'),
(101, 2, 'DP 심화', 'LCS, LIS, 배낭 문제', '2025-08-15 10:00:00'),
(101, 3, '그래프 기초', 'BFS, DFS 탐색 알고리즘', '2025-08-15 10:00:00'),
(101, 4, '그래프 심화', '다익스트라, 벨만포드, 플로이드워셜', '2025-08-15 10:00:00'),
-- 스터디 102: 프로그래머스
(102, 1, '해시/스택', '해시맵 활용, 스택 문제 풀이', '2025-07-20 09:00:00'),
(102, 2, '큐/힙', '우선순위 큐, 힙 자료구조', '2025-07-20 09:00:00'),
(102, 3, '정렬/탐색', '정렬 알고리즘, 이분탐색', '2025-07-20 09:00:00'),
(102, 4, 'DFS/BFS', '그래프 탐색 문제', '2025-07-20 09:00:00'),
-- 스터디 103: 자료구조
(103, 1, '배열과 연결 리스트', '기본 선형 자료구조', '2025-06-15 14:00:00'),
(103, 2, '스택과 큐', '스택, 큐, 덱', '2025-06-15 14:00:00'),
(103, 3, '해시 테이블', '해시 함수, 충돌 해결', '2025-06-15 14:00:00'),
(103, 4, '트리', '이진 트리, BST, 힙', '2025-06-15 14:00:00'),
-- 스터디 104: OS 면접
(104, 1, '프로세스', '프로세스 개념, PCB, 컨텍스트 스위칭', '2025-08-01 11:00:00'),
(104, 2, '스레드', '스레드 모델, 멀티스레딩', '2025-08-01 11:00:00'),
(104, 3, '동기화', '임계구역, 뮤텍스, 세마포어', '2025-08-01 11:00:00'),
(104, 4, '데드락', '교착상태 조건, 예방, 회피', '2025-08-01 11:00:00'),
-- 스터디 105: 네트워크
(105, 1, 'OSI 7계층', '네트워크 계층 구조 이해', '2025-05-20 16:00:00'),
(105, 2, 'TCP/UDP', '전송 계층 프로토콜', '2025-05-20 16:00:00'),
(105, 3, 'IP와 라우팅', '네트워크 계층, 라우팅', '2025-05-20 16:00:00'),
(105, 4, 'HTTP/HTTPS', '웹 프로토콜, TLS', '2025-05-20 16:00:00'),
-- 스터디 106: React 심화
(106, 1, '훅 심화', 'useCallback, useMemo 최적화', '2025-07-01 10:00:00'),
(106, 2, '상태 관리', 'Zustand, Jotai 비교', '2025-07-01 10:00:00'),
(106, 3, '서버 상태', 'TanStack Query 활용', '2025-07-01 10:00:00'),
(106, 4, '성능 최적화', 'React Profiler, 최적화 패턴', '2025-07-01 10:00:00'),
-- 스터디 107: Spring Boot
(107, 1, 'Spring Boot 기초', '프로젝트 설정, 의존성 관리', '2025-04-15 09:00:00'),
(107, 2, 'JPA 기초', '엔티티, 연관관계 매핑', '2025-04-15 09:00:00'),
(107, 3, 'JPA 심화', 'QueryDSL, 성능 최적화', '2025-04-15 09:00:00'),
(107, 4, 'Spring Security', 'JWT 인증, OAuth2', '2025-04-15 09:00:00'),
-- 스터디 108: 쿠버네티스
(108, 1, 'Docker 기초', '컨테이너 개념, Docker 명령어', '2025-07-20 11:00:00'),
(108, 2, 'Docker 심화', 'Dockerfile, 이미지 최적화', '2025-07-20 11:00:00'),
(108, 3, 'K8s 아키텍처', '클러스터, 노드, 컨트롤 플레인', '2025-07-20 11:00:00'),
(108, 4, 'Pod와 Service', '기본 리소스 생성과 관리', '2025-07-20 11:00:00');


-- =============================================
-- 7. MATERIAL (학습 자료)
-- =============================================
INSERT INTO material (study_id, uploader_id, title, description, material_type, url, week_number, view_count, created_at) VALUES
-- 스터디 101
(101, 10000, 'DP 기초 정리 노트', 'DP 패턴별 문제 정리', 'LINK', 'https://notion.so/dp-basics', 1, 45, '2025-09-07 10:00:00'),
(101, 10001, '그래프 알고리즘 총정리', 'BFS, DFS, 최단경로 정리', 'LINK', 'https://notion.so/graph-algo', 3, 38, '2025-09-21 15:00:00'),
(101, 10002, '이분탐색 패턴 모음', '이분탐색 응용 문제 패턴', 'LINK', 'https://github.com/algo-study/binary-search', 5, 32, '2025-10-05 14:00:00'),
-- 스터디 102
(102, 10001, '프로그래머스 고득점 Kit 정리', '유형별 접근법 정리', 'LINK', 'https://notion.so/programmers-kit', 1, 52, '2025-08-07 11:00:00'),
(102, 10000, 'DP 문제 모음', 'Level 3 DP 문제 풀이', 'LINK', 'https://github.com/study/dp-problems', 6, 41, '2025-09-11 16:00:00'),
-- 스터디 103
(103, 10000, '자료구조 시각화 사이트', '자료구조 동작 애니메이션', 'LINK', 'https://visualgo.net/', 1, 65, '2025-07-04 09:00:00'),
(103, 10003, '트리 구현 코드', 'Python 트리 구현', 'LINK', 'https://github.com/ds-study/tree-impl', 4, 28, '2025-07-25 10:00:00'),
-- 스터디 104
(104, 10002, 'OS 면접 질문 모음', 'CS 면접 빈출 질문', 'LINK', 'https://github.com/os-interview/questions', 1, 78, '2025-08-18 09:00:00'),
(104, 10000, '프로세스 vs 스레드 정리', '핵심 개념 비교', 'LINK', 'https://notion.so/process-thread', 2, 55, '2025-08-25 14:00:00'),
-- 스터디 105
(105, 10001, '네트워크 기초 슬라이드', 'OSI 7계층 설명', 'LINK', 'https://slides.com/network-basics', 1, 42, '2025-06-07 10:00:00'),
(105, 10002, 'HTTP 완벽 가이드 정리', 'HTTP 프로토콜 요약', 'LINK', 'https://notion.so/http-guide', 4, 36, '2025-06-28 11:00:00'),
-- 스터디 106
(106, 10003, 'React 성능 최적화 가이드', '공식 문서 기반 정리', 'LINK', 'https://react.dev/learn/render-and-commit', 4, 48, '2025-08-12 09:00:00'),
(106, 10000, 'TanStack Query 실전 예제', '서버 상태 관리 패턴', 'LINK', 'https://github.com/react-study/tanstack-query', 3, 35, '2025-08-05 15:00:00'),
-- 스터디 107
(107, 10000, 'Spring Boot 3.0 변경사항', '업그레이드 가이드', 'LINK', 'https://spring.io/blog/spring-boot-3', 1, 62, '2025-05-04 10:00:00'),
(107, 10004, 'JPA N+1 문제 해결', '성능 최적화 팁', 'LINK', 'https://notion.so/jpa-n-plus-1', 3, 45, '2025-05-18 14:00:00'),
(107, 10002, 'Spring Security 설정 가이드', 'JWT + OAuth2 설정', 'LINK', 'https://github.com/spring-study/security', 4, 51, '2025-05-25 09:00:00'),
-- 스터디 108
(108, 10002, 'Docker 치트시트', '자주 쓰는 명령어 정리', 'LINK', 'https://dockercheatsheet.com/', 1, 58, '2025-08-07 11:00:00'),
(108, 10001, 'K8s 개념 정리', '쿠버네티스 핵심 개념', 'LINK', 'https://kubernetes.io/docs/concepts/', 3, 42, '2025-08-21 15:00:00');


-- =============================================
-- 8. RETROSPECTIVE (회고)
-- =============================================
INSERT INTO retrospective (id, study_id, session_id, title, retrospective_type, created_at, created_by) VALUES
-- 스터디 101 회고
(3001, 101, 1004, '4주차 중간 회고', 'KPT', '2025-09-27 16:30:00', 10000),
(3002, 101, 1008, '최종 회고', 'KPT', '2025-10-25 16:30:00', 10000),
-- 스터디 102 회고
(3003, 102, 1014, '중간 회고', 'KPT', '2025-08-27 22:00:00', 10001),
(3004, 102, 1018, '최종 회고', 'KPT', '2025-09-24 22:00:00', 10001),
-- 스터디 103 회고
(3005, 103, 1024, '중간 회고', 'KPT', '2025-07-24 21:00:00', 10000),
(3006, 103, 1028, '최종 회고', 'KPT', '2025-08-21 21:00:00', 10000),
-- 스터디 104 회고
(3007, 104, 1038, '최종 회고', 'KPT', '2025-10-05 12:30:00', 10002),
-- 스터디 105 회고
(3008, 105, 1048, '최종 회고', 'KPT', '2025-07-25 22:00:00', 10001),
-- 스터디 106 회고
(3009, 106, 1058, '최종 회고', 'KPT', '2025-09-08 23:00:00', 10003),
-- 스터디 107 회고
(3010, 107, 1064, '중간 회고', 'KPT', '2025-05-24 16:30:00', 10000),
(3011, 107, 1068, '최종 회고', 'KPT', '2025-06-21 16:30:00', 10000),
-- 스터디 108 회고
(3012, 108, 1078, '최종 회고', 'KPT', '2025-09-24 22:00:00', 10002);


-- =============================================
-- 9. RETROSPECTIVE_ITEM (회고 항목)
-- =============================================
INSERT INTO retrospective_item (retrospective_id, user_id, category, content, created_at) VALUES
-- 회고 3001 (스터디 101 중간 회고)
(3001, 10000, 'KEEP', '매주 꾸준히 5문제씩 풀기 좋았음', '2025-09-27 16:35:00'),
(3001, 10001, 'KEEP', '코드 리뷰 시간이 유익했음', '2025-09-27 16:36:00'),
(3001, 10002, 'PROBLEM', '난이도가 갑자기 올라가서 따라가기 힘들었음', '2025-09-27 16:37:00'),
(3001, 10003, 'TRY', '다음에는 난이도별로 그룹 나눠서 진행해보자', '2025-09-27 16:38:00'),
(3001, 10004, 'TRY', '풀이 영상도 공유하면 좋겠다', '2025-09-27 16:39:00'),

-- 회고 3002 (스터디 101 최종 회고)
(3002, 10000, 'KEEP', '목표했던 50문제 달성!', '2025-10-25 16:35:00'),
(3002, 10001, 'KEEP', '팀원들과 소통이 활발했음', '2025-10-25 16:36:00'),
(3002, 10002, 'KEEP', '실력이 많이 늘었음', '2025-10-25 16:37:00'),
(3002, 10003, 'PROBLEM', '후반부에 참여율이 떨어짐', '2025-10-25 16:38:00'),
(3002, 10004, 'TRY', '다음 스터디는 골드~플래티넘 도전', '2025-10-25 16:39:00'),
(3002, 10005, 'TRY', '정기 모각코 시간도 추가하면 좋겠음', '2025-10-25 16:40:00'),

-- 회고 3003 (스터디 102 중간 회고)
(3003, 10001, 'KEEP', '문제 유형별 정리가 체계적', '2025-08-27 22:05:00'),
(3003, 10000, 'PROBLEM', '시간이 부족해서 복습을 못했음', '2025-08-27 22:06:00'),
(3003, 10002, 'TRY', '복습 시간을 따로 확보하자', '2025-08-27 22:07:00'),

-- 회고 3004 (스터디 102 최종 회고)
(3004, 10001, 'KEEP', 'Level 3 정복 완료!', '2025-09-24 22:05:00'),
(3004, 10004, 'KEEP', '실전 모의고사가 도움됐음', '2025-09-24 22:06:00'),
(3004, 10006, 'PROBLEM', '마지막에 번아웃 왔음', '2025-09-24 22:07:00'),
(3004, 10000, 'TRY', '다음엔 페이스 조절 필요', '2025-09-24 22:08:00'),

-- 회고 3007 (스터디 104 최종 회고)
(3007, 10002, 'KEEP', '면접 대비 완벽했음', '2025-10-05 12:35:00'),
(3007, 10000, 'KEEP', '모의 면접이 실전처럼 진행됨', '2025-10-05 12:36:00'),
(3007, 10001, 'KEEP', 'OS 핵심 개념 완벽 정리', '2025-10-05 12:37:00'),
(3007, 10004, 'PROBLEM', '범위가 너무 넓었음', '2025-10-05 12:38:00'),
(3007, 10006, 'TRY', '다음엔 주제별로 깊게 파보자', '2025-10-05 12:39:00'),

-- 회고 3010 (스터디 107 중간 회고)
(3010, 10000, 'KEEP', '실습 위주로 진행해서 좋았음', '2025-05-24 16:35:00'),
(3010, 10002, 'KEEP', 'JPA 쿼리 최적화 많이 배움', '2025-05-24 16:36:00'),
(3010, 10004, 'PROBLEM', '프로젝트 연동이 어려웠음', '2025-05-24 16:37:00'),
(3010, 10006, 'TRY', '공통 프로젝트로 진행하면 좋겠음', '2025-05-24 16:38:00'),

-- 회고 3011 (스터디 107 최종 회고)
(3011, 10000, 'KEEP', 'Spring Boot 3.0 완전 정복', '2025-06-21 16:35:00'),
(3011, 10002, 'KEEP', '팀 프로젝트 완성도 높음', '2025-06-21 16:36:00'),
(3011, 10004, 'KEEP', '코드 리뷰 문화 정착', '2025-06-21 16:37:00'),
(3011, 10007, 'PROBLEM', '초반 환경 설정에 시간 많이 씀', '2025-06-21 16:38:00'),
(3011, 10008, 'TRY', '다음엔 도커로 환경 통일', '2025-06-21 16:39:00'),
(3011, 10009, 'TRY', 'AWS 배포까지 해보고 싶음', '2025-06-21 16:40:00');


-- =============================================
-- 확인 쿼리
-- =============================================
-- SELECT s.id, s.name, s.status, COUNT(sm.id) as member_count
-- FROM study s
-- LEFT JOIN study_member sm ON s.id = sm.study_id
-- WHERE s.status = 'COMPLETED'
-- GROUP BY s.id;
