-- ============================================
-- 미팅 테스트 데이터 SQL
-- 생성일: 2026-01-30T12:22:11.074898
-- ============================================

-- 1. 테스트 사용자 (이미 존재하면 생략)
INSERT IGNORE INTO `user` (`id`, `email`, `nickname`, `name`, `role`, `is_active`, `is_online`, `is_searchable`, `current_level`, `current_points`, `total_exp`) VALUES
  (11, 'test_user_11@test.com', '배소희', '배소희', 'USER', TRUE, FALSE, TRUE, 1, 0, 0),
  (12, 'test_user_12@test.com', '강현우', '강현우', 'USER', TRUE, FALSE, TRUE, 1, 0, 0),
  (13, 'test_user_13@test.com', '박준혁', '박준혁', 'USER', TRUE, FALSE, TRUE, 1, 0, 0),
  (14, 'test_user_14@test.com', '김민수', '김민수', 'USER', TRUE, FALSE, TRUE, 1, 0, 0),
  (15, 'test_user_15@test.com', '성경훈', '성경훈', 'USER', TRUE, FALSE, TRUE, 1, 0, 0),
  (21, 'test_user_21@test.com', '한지민', '한지민', 'USER', TRUE, FALSE, TRUE, 1, 0, 0),
  (22, 'test_user_22@test.com', '임수빈', '임수빈', 'USER', TRUE, FALSE, TRUE, 1, 0, 0),
  (23, 'test_user_23@test.com', '오세진', '오세진', 'USER', TRUE, FALSE, TRUE, 1, 0, 0),
  (24, 'test_user_24@test.com', '성경훈_2', '성경훈', 'USER', TRUE, FALSE, TRUE, 1, 0, 0),
  (25, 'test_user_25@test.com', '모두', '모두', 'USER', TRUE, FALSE, TRUE, 1, 0, 0),
  (26, 'test_user_26@test.com', '윤상훈', '윤상훈', 'USER', TRUE, FALSE, TRUE, 1, 0, 0),
  (31, 'test_user_31@test.com', '조유진', '조유진', 'USER', TRUE, FALSE, TRUE, 1, 0, 0),
  (32, 'test_user_32@test.com', '박준혁_2', '박준혁', 'USER', TRUE, FALSE, TRUE, 1, 0, 0),
  (33, 'test_user_33@test.com', '조문희', '조문희', 'USER', TRUE, FALSE, TRUE, 1, 0, 0),
  (34, 'test_user_34@test.com', '한지민_2', '한지민', 'USER', TRUE, FALSE, TRUE, 1, 0, 0),
  (41, 'test_user_41@test.com', '배소희_2', '배소희', 'USER', TRUE, FALSE, TRUE, 1, 0, 0),
  (42, 'test_user_42@test.com', '강현우_2', '강현우', 'USER', TRUE, FALSE, TRUE, 1, 0, 0),
  (43, 'test_user_43@test.com', '신재혁', '신재혁', 'USER', TRUE, FALSE, TRUE, 1, 0, 0),
  (44, 'test_user_44@test.com', '박준혁_3', '박준혁', 'USER', TRUE, FALSE, TRUE, 1, 0, 0),
  (45, 'test_user_45@test.com', '송민재', '송민재', 'USER', TRUE, FALSE, TRUE, 1, 0, 0),
  (51, 'test_user_51@test.com', '성경훈_3', '성경훈', 'USER', TRUE, FALSE, TRUE, 1, 0, 0),
  (52, 'test_user_52@test.com', '오세진_2', '오세진', 'USER', TRUE, FALSE, TRUE, 1, 0, 0),
  (53, 'test_user_53@test.com', '한지민_3', '한지민', 'USER', TRUE, FALSE, TRUE, 1, 0, 0),
  (54, 'test_user_54@test.com', '정다은', '정다은', 'USER', TRUE, FALSE, TRUE, 1, 0, 0),
  (61, 'test_user_61@test.com', '조유진_2', '조유진', 'USER', TRUE, FALSE, TRUE, 1, 0, 0),
  (62, 'test_user_62@test.com', '신재혁_2', '신재혁', 'USER', TRUE, FALSE, TRUE, 1, 0, 0),
  (63, 'test_user_63@test.com', '한지민_4', '한지민', 'USER', TRUE, FALSE, TRUE, 1, 0, 0),
  (64, 'test_user_64@test.com', '정다은_2', '정다은', 'USER', TRUE, FALSE, TRUE, 1, 0, 0),
  (71, 'test_user_71@test.com', '윤태호', '윤태호', 'USER', TRUE, FALSE, TRUE, 1, 0, 0),
  (72, 'test_user_72@test.com', '조유진_3', '조유진', 'USER', TRUE, FALSE, TRUE, 1, 0, 0),
  (73, 'test_user_73@test.com', '임수빈_2', '임수빈', 'USER', TRUE, FALSE, TRUE, 1, 0, 0),
  (74, 'test_user_74@test.com', '이지은', '이지은', 'USER', TRUE, FALSE, TRUE, 1, 0, 0),
  (75, 'test_user_75@test.com', '송민재_2', '송민재', 'USER', TRUE, FALSE, TRUE, 1, 0, 0),
  (81, 'test_user_81@test.com', '임수빈_3', '임수빈', 'USER', TRUE, FALSE, TRUE, 1, 0, 0),
  (82, 'test_user_82@test.com', '신재혁_3', '신재혁', 'USER', TRUE, FALSE, TRUE, 1, 0, 0),
  (83, 'test_user_83@test.com', '박준혁_4', '박준혁', 'USER', TRUE, FALSE, TRUE, 1, 0, 0),
  (84, 'test_user_84@test.com', '조문희_2', '조문희', 'USER', TRUE, FALSE, TRUE, 1, 0, 0),
  (85, 'test_user_85@test.com', '정다은_3', '정다은', 'USER', TRUE, FALSE, TRUE, 1, 0, 0),
  (91, 'test_user_91@test.com', '조유진_4', '조유진', 'USER', TRUE, FALSE, TRUE, 1, 0, 0),
  (92, 'test_user_92@test.com', '배소희_3', '배소희', 'USER', TRUE, FALSE, TRUE, 1, 0, 0),
  (93, 'test_user_93@test.com', '성경훈_4', '성경훈', 'USER', TRUE, FALSE, TRUE, 1, 0, 0),
  (94, 'test_user_94@test.com', '조문희_3', '조문희', 'USER', TRUE, FALSE, TRUE, 1, 0, 0),
  (95, 'test_user_95@test.com', '정다은_4', '정다은', 'USER', TRUE, FALSE, TRUE, 1, 0, 0),
  (101, 'test_user_101@test.com', '이지은_2', '이지은', 'USER', TRUE, FALSE, TRUE, 1, 0, 0),
  (102, 'test_user_102@test.com', '송민재_3', '송민재', 'USER', TRUE, FALSE, TRUE, 1, 0, 0),
  (103, 'test_user_103@test.com', '정다은_5', '정다은', 'USER', TRUE, FALSE, TRUE, 1, 0, 0),
  (104, 'test_user_104@test.com', '류재현', '류재현', 'USER', TRUE, FALSE, TRUE, 1, 0, 0),
  (105, 'test_user_105@test.com', '윤상훈_2', '윤상훈', 'USER', TRUE, FALSE, TRUE, 1, 0, 0),
  (111, 'test_leader@test.com', '스터디_리더', '스터디리더', 'USER', TRUE, FALSE, TRUE, 1, 0, 0);

-- 2. 테스트 스터디 (study_id = 100)
INSERT IGNORE INTO `study` (`id`, `leader_id`, `name`, `description`, `topic_id`, `study_type`, `status`) VALUES
  (100, 111, '테스트 스터디', 'AI 테스트용 스터디', 1, 'PLANNED', 'IN_PROGRESS');

-- 3. 테스트 워크스페이스
INSERT IGNORE INTO `workspace` (`id`, `study_id`) VALUES (100, 100);

-- 4. 미팅 테이블
INSERT INTO `meeting` (`id`, `study_id`, `workspace_id`, `title`, `meeting_type`, `status`, `started_at`, `ended_at`, `participant_count`, `stt_status`, `summary_status`, `auto_share_summary`, `recording_status`) VALUES
  (101, 100, 100, 'SQLD 스터디 회의 1', 'DAILY', 'ENDED', NOW() - INTERVAL 1 DAY, NOW() - INTERVAL 1 DAY + INTERVAL 1 HOUR, 5, 'PENDING', 'PENDING', 0, 'READY'),
  (102, 100, 100, 'AWS 스터디 회의 2', 'DAILY', 'ENDED', NOW() - INTERVAL 2 DAY, NOW() - INTERVAL 2 DAY + INTERVAL 1 HOUR, 6, 'PENDING', 'PENDING', 0, 'READY'),
  (103, 100, 100, 'CS/데이터베이스 스터디 회의 3', 'DAILY', 'ENDED', NOW() - INTERVAL 3 DAY, NOW() - INTERVAL 3 DAY + INTERVAL 1 HOUR, 4, 'PENDING', 'PENDING', 0, 'READY'),
  (104, 100, 100, 'Vue 스터디 회의 4', 'DAILY', 'ENDED', NOW() - INTERVAL 4 DAY, NOW() - INTERVAL 4 DAY + INTERVAL 1 HOUR, 5, 'PENDING', 'PENDING', 0, 'READY'),
  (105, 100, 100, '이력서/자소서 스터디 회의 5', 'DAILY', 'ENDED', NOW() - INTERVAL 5 DAY, NOW() - INTERVAL 5 DAY + INTERVAL 1 HOUR, 4, 'PENDING', 'PENDING', 0, 'READY'),
  (106, 100, 100, '알고리즘/백준 스터디 회의 6', 'DAILY', 'ENDED', NOW() - INTERVAL 6 DAY, NOW() - INTERVAL 6 DAY + INTERVAL 1 HOUR, 4, 'PENDING', 'PENDING', 0, 'READY'),
  (107, 100, 100, '딥러닝 스터디 회의 7', 'DAILY', 'ENDED', NOW() - INTERVAL 7 DAY, NOW() - INTERVAL 7 DAY + INTERVAL 1 HOUR, 5, 'PENDING', 'PENDING', 0, 'READY'),
  (108, 100, 100, '기술 면접 스터디 회의 8', 'DAILY', 'ENDED', NOW() - INTERVAL 8 DAY, NOW() - INTERVAL 8 DAY + INTERVAL 1 HOUR, 5, 'PENDING', 'PENDING', 0, 'READY'),
  (109, 100, 100, 'TypeScript 스터디 회의 9', 'DAILY', 'ENDED', NOW() - INTERVAL 9 DAY, NOW() - INTERVAL 9 DAY + INTERVAL 1 HOUR, 5, 'PENDING', 'PENDING', 0, 'READY'),
  (110, 100, 100, 'Node.js 스터디 회의 10', 'DAILY', 'ENDED', NOW() - INTERVAL 10 DAY, NOW() - INTERVAL 10 DAY + INTERVAL 1 HOUR, 5, 'PENDING', 'PENDING', 0, 'READY');

-- 5. 미팅 참가자
INSERT INTO `meeting_participant` (`meeting_id`, `user_id`, `joined_at`, `left_at`) VALUES
  (101, 11, NOW() - INTERVAL 1 DAY, NOW() - INTERVAL 1 DAY + INTERVAL 1 HOUR),
  (101, 12, NOW() - INTERVAL 1 DAY, NOW() - INTERVAL 1 DAY + INTERVAL 1 HOUR),
  (101, 13, NOW() - INTERVAL 1 DAY, NOW() - INTERVAL 1 DAY + INTERVAL 1 HOUR),
  (101, 14, NOW() - INTERVAL 1 DAY, NOW() - INTERVAL 1 DAY + INTERVAL 1 HOUR),
  (101, 15, NOW() - INTERVAL 1 DAY, NOW() - INTERVAL 1 DAY + INTERVAL 1 HOUR),
  (102, 21, NOW() - INTERVAL 2 DAY, NOW() - INTERVAL 2 DAY + INTERVAL 1 HOUR),
  (102, 22, NOW() - INTERVAL 2 DAY, NOW() - INTERVAL 2 DAY + INTERVAL 1 HOUR),
  (102, 23, NOW() - INTERVAL 2 DAY, NOW() - INTERVAL 2 DAY + INTERVAL 1 HOUR),
  (102, 24, NOW() - INTERVAL 2 DAY, NOW() - INTERVAL 2 DAY + INTERVAL 1 HOUR),
  (102, 25, NOW() - INTERVAL 2 DAY, NOW() - INTERVAL 2 DAY + INTERVAL 1 HOUR),
  (102, 26, NOW() - INTERVAL 2 DAY, NOW() - INTERVAL 2 DAY + INTERVAL 1 HOUR),
  (103, 31, NOW() - INTERVAL 3 DAY, NOW() - INTERVAL 3 DAY + INTERVAL 1 HOUR),
  (103, 32, NOW() - INTERVAL 3 DAY, NOW() - INTERVAL 3 DAY + INTERVAL 1 HOUR),
  (103, 33, NOW() - INTERVAL 3 DAY, NOW() - INTERVAL 3 DAY + INTERVAL 1 HOUR),
  (103, 34, NOW() - INTERVAL 3 DAY, NOW() - INTERVAL 3 DAY + INTERVAL 1 HOUR),
  (104, 41, NOW() - INTERVAL 4 DAY, NOW() - INTERVAL 4 DAY + INTERVAL 1 HOUR),
  (104, 42, NOW() - INTERVAL 4 DAY, NOW() - INTERVAL 4 DAY + INTERVAL 1 HOUR),
  (104, 43, NOW() - INTERVAL 4 DAY, NOW() - INTERVAL 4 DAY + INTERVAL 1 HOUR),
  (104, 44, NOW() - INTERVAL 4 DAY, NOW() - INTERVAL 4 DAY + INTERVAL 1 HOUR),
  (104, 45, NOW() - INTERVAL 4 DAY, NOW() - INTERVAL 4 DAY + INTERVAL 1 HOUR),
  (105, 51, NOW() - INTERVAL 5 DAY, NOW() - INTERVAL 5 DAY + INTERVAL 1 HOUR),
  (105, 52, NOW() - INTERVAL 5 DAY, NOW() - INTERVAL 5 DAY + INTERVAL 1 HOUR),
  (105, 53, NOW() - INTERVAL 5 DAY, NOW() - INTERVAL 5 DAY + INTERVAL 1 HOUR),
  (105, 54, NOW() - INTERVAL 5 DAY, NOW() - INTERVAL 5 DAY + INTERVAL 1 HOUR),
  (106, 61, NOW() - INTERVAL 6 DAY, NOW() - INTERVAL 6 DAY + INTERVAL 1 HOUR),
  (106, 62, NOW() - INTERVAL 6 DAY, NOW() - INTERVAL 6 DAY + INTERVAL 1 HOUR),
  (106, 63, NOW() - INTERVAL 6 DAY, NOW() - INTERVAL 6 DAY + INTERVAL 1 HOUR),
  (106, 64, NOW() - INTERVAL 6 DAY, NOW() - INTERVAL 6 DAY + INTERVAL 1 HOUR),
  (107, 71, NOW() - INTERVAL 7 DAY, NOW() - INTERVAL 7 DAY + INTERVAL 1 HOUR),
  (107, 72, NOW() - INTERVAL 7 DAY, NOW() - INTERVAL 7 DAY + INTERVAL 1 HOUR),
  (107, 73, NOW() - INTERVAL 7 DAY, NOW() - INTERVAL 7 DAY + INTERVAL 1 HOUR),
  (107, 74, NOW() - INTERVAL 7 DAY, NOW() - INTERVAL 7 DAY + INTERVAL 1 HOUR),
  (107, 75, NOW() - INTERVAL 7 DAY, NOW() - INTERVAL 7 DAY + INTERVAL 1 HOUR),
  (108, 81, NOW() - INTERVAL 8 DAY, NOW() - INTERVAL 8 DAY + INTERVAL 1 HOUR),
  (108, 82, NOW() - INTERVAL 8 DAY, NOW() - INTERVAL 8 DAY + INTERVAL 1 HOUR),
  (108, 83, NOW() - INTERVAL 8 DAY, NOW() - INTERVAL 8 DAY + INTERVAL 1 HOUR),
  (108, 84, NOW() - INTERVAL 8 DAY, NOW() - INTERVAL 8 DAY + INTERVAL 1 HOUR),
  (108, 85, NOW() - INTERVAL 8 DAY, NOW() - INTERVAL 8 DAY + INTERVAL 1 HOUR),
  (109, 91, NOW() - INTERVAL 9 DAY, NOW() - INTERVAL 9 DAY + INTERVAL 1 HOUR),
  (109, 92, NOW() - INTERVAL 9 DAY, NOW() - INTERVAL 9 DAY + INTERVAL 1 HOUR),
  (109, 93, NOW() - INTERVAL 9 DAY, NOW() - INTERVAL 9 DAY + INTERVAL 1 HOUR),
  (109, 94, NOW() - INTERVAL 9 DAY, NOW() - INTERVAL 9 DAY + INTERVAL 1 HOUR),
  (109, 95, NOW() - INTERVAL 9 DAY, NOW() - INTERVAL 9 DAY + INTERVAL 1 HOUR),
  (110, 101, NOW() - INTERVAL 10 DAY, NOW() - INTERVAL 10 DAY + INTERVAL 1 HOUR),
  (110, 102, NOW() - INTERVAL 10 DAY, NOW() - INTERVAL 10 DAY + INTERVAL 1 HOUR),
  (110, 103, NOW() - INTERVAL 10 DAY, NOW() - INTERVAL 10 DAY + INTERVAL 1 HOUR),
  (110, 104, NOW() - INTERVAL 10 DAY, NOW() - INTERVAL 10 DAY + INTERVAL 1 HOUR),
  (110, 105, NOW() - INTERVAL 10 DAY, NOW() - INTERVAL 10 DAY + INTERVAL 1 HOUR);

-- 6. 미팅 오디오 녹음 (화자별 개별 트랙)
INSERT INTO `meeting_audio_recording` (`meeting_id`, `user_id`, `track_type`, `recording_url`, `format`, `created_at`) VALUES
  (101, 11, 'INDIVIDUAL', '/uploads/meetings/101/audio/meeting_101_user_11_order_001.mp3', 'mp3', NOW()),
  (101, 15, 'INDIVIDUAL', '/uploads/meetings/101/audio/meeting_101_user_15_order_002.mp3', 'mp3', NOW()),
  (101, 12, 'INDIVIDUAL', '/uploads/meetings/101/audio/meeting_101_user_12_order_003.mp3', 'mp3', NOW()),
  (101, 14, 'INDIVIDUAL', '/uploads/meetings/101/audio/meeting_101_user_14_order_004.mp3', 'mp3', NOW()),
  (101, 13, 'INDIVIDUAL', '/uploads/meetings/101/audio/meeting_101_user_13_order_005.mp3', 'mp3', NOW()),
  (102, 26, 'INDIVIDUAL', '/uploads/meetings/102/audio/meeting_102_user_26_order_001.mp3', 'mp3', NOW()),
  (102, 21, 'INDIVIDUAL', '/uploads/meetings/102/audio/meeting_102_user_21_order_002.mp3', 'mp3', NOW()),
  (102, 24, 'INDIVIDUAL', '/uploads/meetings/102/audio/meeting_102_user_24_order_004.mp3', 'mp3', NOW()),
  (102, 23, 'INDIVIDUAL', '/uploads/meetings/102/audio/meeting_102_user_23_order_006.mp3', 'mp3', NOW()),
  (102, 22, 'INDIVIDUAL', '/uploads/meetings/102/audio/meeting_102_user_22_order_008.mp3', 'mp3', NOW()),
  (102, 25, 'INDIVIDUAL', '/uploads/meetings/102/audio/meeting_102_user_25_order_035.mp3', 'mp3', NOW()),
  (103, 33, 'INDIVIDUAL', '/uploads/meetings/103/audio/meeting_103_user_33_order_001.mp3', 'mp3', NOW()),
  (103, 31, 'INDIVIDUAL', '/uploads/meetings/103/audio/meeting_103_user_31_order_002.mp3', 'mp3', NOW()),
  (103, 32, 'INDIVIDUAL', '/uploads/meetings/103/audio/meeting_103_user_32_order_003.mp3', 'mp3', NOW()),
  (103, 34, 'INDIVIDUAL', '/uploads/meetings/103/audio/meeting_103_user_34_order_004.mp3', 'mp3', NOW()),
  (104, 42, 'INDIVIDUAL', '/uploads/meetings/104/audio/meeting_104_user_42_order_001.mp3', 'mp3', NOW()),
  (104, 43, 'INDIVIDUAL', '/uploads/meetings/104/audio/meeting_104_user_43_order_002.mp3', 'mp3', NOW()),
  (104, 45, 'INDIVIDUAL', '/uploads/meetings/104/audio/meeting_104_user_45_order_003.mp3', 'mp3', NOW()),
  (104, 44, 'INDIVIDUAL', '/uploads/meetings/104/audio/meeting_104_user_44_order_005.mp3', 'mp3', NOW()),
  (104, 41, 'INDIVIDUAL', '/uploads/meetings/104/audio/meeting_104_user_41_order_006.mp3', 'mp3', NOW()),
  (105, 53, 'INDIVIDUAL', '/uploads/meetings/105/audio/meeting_105_user_53_order_001.mp3', 'mp3', NOW()),
  (105, 54, 'INDIVIDUAL', '/uploads/meetings/105/audio/meeting_105_user_54_order_002.mp3', 'mp3', NOW()),
  (105, 51, 'INDIVIDUAL', '/uploads/meetings/105/audio/meeting_105_user_51_order_003.mp3', 'mp3', NOW()),
  (105, 52, 'INDIVIDUAL', '/uploads/meetings/105/audio/meeting_105_user_52_order_005.mp3', 'mp3', NOW()),
  (106, 62, 'INDIVIDUAL', '/uploads/meetings/106/audio/meeting_106_user_62_order_001.mp3', 'mp3', NOW()),
  (106, 61, 'INDIVIDUAL', '/uploads/meetings/106/audio/meeting_106_user_61_order_002.mp3', 'mp3', NOW()),
  (106, 64, 'INDIVIDUAL', '/uploads/meetings/106/audio/meeting_106_user_64_order_003.mp3', 'mp3', NOW()),
  (106, 63, 'INDIVIDUAL', '/uploads/meetings/106/audio/meeting_106_user_63_order_004.mp3', 'mp3', NOW()),
  (107, 71, 'INDIVIDUAL', '/uploads/meetings/107/audio/meeting_107_user_71_order_001.mp3', 'mp3', NOW()),
  (107, 72, 'INDIVIDUAL', '/uploads/meetings/107/audio/meeting_107_user_72_order_002.mp3', 'mp3', NOW()),
  (107, 75, 'INDIVIDUAL', '/uploads/meetings/107/audio/meeting_107_user_75_order_003.mp3', 'mp3', NOW()),
  (107, 74, 'INDIVIDUAL', '/uploads/meetings/107/audio/meeting_107_user_74_order_004.mp3', 'mp3', NOW()),
  (107, 73, 'INDIVIDUAL', '/uploads/meetings/107/audio/meeting_107_user_73_order_005.mp3', 'mp3', NOW()),
  (108, 81, 'INDIVIDUAL', '/uploads/meetings/108/audio/meeting_108_user_81_order_001.mp3', 'mp3', NOW()),
  (108, 83, 'INDIVIDUAL', '/uploads/meetings/108/audio/meeting_108_user_83_order_002.mp3', 'mp3', NOW()),
  (108, 82, 'INDIVIDUAL', '/uploads/meetings/108/audio/meeting_108_user_82_order_003.mp3', 'mp3', NOW()),
  (108, 85, 'INDIVIDUAL', '/uploads/meetings/108/audio/meeting_108_user_85_order_004.mp3', 'mp3', NOW()),
  (108, 84, 'INDIVIDUAL', '/uploads/meetings/108/audio/meeting_108_user_84_order_005.mp3', 'mp3', NOW()),
  (109, 93, 'INDIVIDUAL', '/uploads/meetings/109/audio/meeting_109_user_93_order_001.mp3', 'mp3', NOW()),
  (109, 94, 'INDIVIDUAL', '/uploads/meetings/109/audio/meeting_109_user_94_order_002.mp3', 'mp3', NOW()),
  (109, 91, 'INDIVIDUAL', '/uploads/meetings/109/audio/meeting_109_user_91_order_004.mp3', 'mp3', NOW()),
  (109, 95, 'INDIVIDUAL', '/uploads/meetings/109/audio/meeting_109_user_95_order_005.mp3', 'mp3', NOW()),
  (109, 92, 'INDIVIDUAL', '/uploads/meetings/109/audio/meeting_109_user_92_order_007.mp3', 'mp3', NOW()),
  (110, 103, 'INDIVIDUAL', '/uploads/meetings/110/audio/meeting_110_user_103_order_001.mp3', 'mp3', NOW()),
  (110, 101, 'INDIVIDUAL', '/uploads/meetings/110/audio/meeting_110_user_101_order_002.mp3', 'mp3', NOW()),
  (110, 102, 'INDIVIDUAL', '/uploads/meetings/110/audio/meeting_110_user_102_order_003.mp3', 'mp3', NOW()),
  (110, 105, 'INDIVIDUAL', '/uploads/meetings/110/audio/meeting_110_user_105_order_004.mp3', 'mp3', NOW()),
  (110, 104, 'INDIVIDUAL', '/uploads/meetings/110/audio/meeting_110_user_104_order_005.mp3', 'mp3', NOW());

-- 7. 미팅 트랜스크립트 (발언 단위)
INSERT INTO `meeting_transcript` (`meeting_id`, `user_id`, `content`, `timestamp_seconds`) VALUES
  (101, 11, '아 네네, 그럼 오늘 스터디 시작해볼게요. 오늘의 주제는 SQLD 문제 풀이인데요, 음 제가 먼저 문제를 설명할게요. 자, 첫 번째 문제는 이렇게, "주어진 테이블에서 특정 조건을 만족하는 데이터를 추출하라"는 건데, 이럴 때는 SELECT 문을 사용해야 되거든요. 그래서 FROM 절에서 테이블 이름을 명시하고, WHERE 절에서 조건을 넣는 식으로 진행하면 될 것 같아요. 음, 예를 들어서, 제가 간단한 SQL 문을 준비했어요. SELECT * FROM 테이블명 WHERE 조건 이렇게 하면 원하는 결과를 얻을 수 있죠.', 0),
  (101, 15, '아아, 그거 너무 기본적인 거 아닌가요? 근데 그 WHERE 조건이 제대로 작동하는지 확인하려면 어떻게 해야 되죠?', 10),
  (101, 12, '어, 그거는 실제 데이터로 테스트해보면 좋겠어요. 아 근데 특정 조건이 뭔지에 따라 달라질 거 같은데, 예를 들어서 날짜 범위를 걸어야 하면 BETWEEN 문도 써야 하니까요.', 20),
  (101, 14, '맞아요, 맞아요. 그리고 LIKE 같은 경우도 사용할 수 있죠. 문자열 검색할 때 유용하잖아요?', 30),
  (101, 13, '네, 그니까, LIKE 문 쓸 때는 와일드카드도 신경 써야 해요. %나 _ 같은 거 있잖아요.', 40),
  (101, 11, '맞아요, 그래서 그 LIKE 문의 활용 예를 들어보면, SELECT * FROM 테이블명 WHERE 컬럼명 LIKE ''A%'' 하면 A로 시작하는 모든 데이터가 나오겠죠?', 50),
  (101, 15, '어, 그거 괜찮네요. 그런데 조건이 여러 개일 때는 어떻게 해요?', 60),
  (101, 12, '음, 그럴 때는 AND 또는 OR을 써서 조건을 조합할 수 있어요. 그래서 WHERE 절에서 여러 조건을 달 수 있죠.', 70),
  (101, 14, '아, 그니까 조건이 서로 배타적인 경우에는 OR, 모두 만족해야 할 때는 AND 써야 하고요?', 80),
  (101, 13, '맞아맞아! 그리고 우선순위도 고려해야 하니까 괄호를 잘 써줘야 해요.', 90),
  (101, 11, '그래요! 아, 그리고 JOIN 같은 경우는 어떻게 생각해요? 이게 SQLD에서 많이 나오는 내용이잖아요.', 100),
  (101, 15, '아, JOIN은 테이블 간의 관계를 설정하는 거죠? INNER JOIN, LEFT JOIN 등등...', 110),
  (101, 12, '맞아요, INNER JOIN은 두 테이블의 교집합을 가져오는 거고, LEFT JOIN은 왼쪽 테이블의 모든 데이터를 가져오고 오른쪽 테이블에서 조건에 맞는 것만 가져오죠.', 120),
  (101, 14, '그러면 RIGHT JOIN은 반대겠네요? 오른쪽 데이터는 모두 가져오고...', 130),
  (101, 13, '음, 맞아요. 그런데 CROSS JOIN은 어떤 건가요? 이거는 좀 헷갈리더라고요.', 140),
  (101, 11, '아, CROSS JOIN은 모든 조합을 만드는 거죠? 그래서 결과가 엄청 많아질 수 있어요. 예를 들어서 A 테이블이 3개, B 테이블이 4개면 결과는 12개가 나오잖아요.', 150),
  (101, 15, '어, 그거 맞아요. 그래서 CROSS JOIN은 잘 안 쓰는 편이죠.', 160),
  (101, 12, '맞아, 그니까 조인할 때는 꼭 필요한 경우에만 사용해야 할 것 같아요.', 170),
  (101, 14, '아, 그리고 SQLD 공부하면서 EXPLAIN 쿼리도 많이 쓰던데, 그거는 뭘 하는 거죠?', 180),
  (101, 13, '음, EXPLAIN은 쿼리의 실행 계획을 보여줘서 성능을 분석하는 데 유용하고요. 그래서 쿼리 최적화할 때 도움이 많이 돼요.', 190),
  (101, 11, '네네, 그래서 실제로 쿼리를 실행하기 전에 EXPLAIN으로 확인해보는 것도 좋고요.', 200),
  (101, 15, '맞아요, 그리고 인덱스도 신경 써야 하죠? 성능을 크게 향상시킬 수 있으니까.', 210),
  (101, 12, '아, 인덱스는 검색 속도를 빠르게 해주니까 꼭 알아야 할 것 같아요.', 220),
  (101, 14, '오오, 그러면 각자 어떤 SQLD 문제를 연습하고 있는지 공유해볼까요?', 230),
  (101, 13, '아, 저번에 나왔던 문제 중에 JOIN을 활용한 문제 풀어봤는데, 그게 재밌더라고요.', 240),
  (101, 11, '아아, 저도 그거 풀어보고 싶어요! 각자 어떤 접근법으로 풀었는지 듣고 싶어요.', 250),
  (101, 15, '저는 먼저 데이터 모델링부터 시작했어요. 필요한 테이블은 어떤 건지 정리하고, 그 다음에 쿼리로 구현해보니까 좋더라고요.', 260),
  (101, 12, '음, 저는 먼저 환경 설정을 하고, 그 다음에 데이터를 넣어봤어요. 실행해보니 오류가 나서 디버깅하는 재미가 있었거든요.', 270),
  (101, 14, '아, 저는 그냥 쿼리 작성하고 실행해보니까 성능이 느리더라고요. 그래서 인덱스 추가해봤는데 확실히 빨라졌어요!', 280),
  (101, 13, '네, 이런 식으로 서로의 경험 공유하는 것도 좋은 것 같아요.', 290),
  (101, 11, '네, 그럼 다음에도 계속해서 각자 경험 공유하고 문제 풀이하는 방식으로 진행해보면 좋겠어요. 오늘 스터디는 여기서 마칠까요?', 300),
  (101, 15, '어, 네네. 수고하셨습니다!', 310),
  (101, 12, '모두 수고했어요!', 320),
  (101, 14, '다음 주에도 또 봐요!', 330),
  (101, 13, '네, 재밌었어요! 다음 주에 봐요!', 340),
  (102, 26, '어 네, 그럼 오늘 스터디 시작해볼게요. 음 오늘 주제는 AWS인데, EC2랑 S3 아키텍처에 대해서 발표할 거거든요.', 0),
  (102, 21, '음 좋네요. EC2는 뭐부터 설명해주실 건가요?', 10),
  (102, 26, '아 EC2는 Elastic Compute Cloud의 약자거든요. 그래서 사용자가 원하는 대로 서버를 쉽게 생성하고 관리할 수 있게 도와주는 서비스예요. 예를 들어서, 아마존의 데이터 센터에 우리가 원하는 OS와 컴퓨팅 리소스를 설정해서 사용 할 수 있죠.', 20),
  (102, 24, '아 그러니까, 서버를 입맛에 맞게 만들 수 있다는 거군요. 음, 그러면 가격은 어떻게 되나요?', 30),
  (102, 26, '제대로 말씀하셨는데, 가격은 사용한 만큼 결제되거든요. 시간 당 과금이 되고, 어떤 리소스를 선택하느냐에 따라서 달라져요. 그래서 저희가 필요할 때만 서버를 키고 끌 수 있어서 비용 절감이 가능해요.', 40),
  (102, 23, '그니까, 일종의 구독 서비스 같은 건가요?', 50),
  (102, 26, '맞아요! 그래서 사용자는 필요에 따라 서버를 추가하거나 줄일 수 있고 말이죠. 아 그리고 EC2는 여러 가지 인스턴스 타입이 있어서, 용도에 맞게 선택할 수 있는 것도 특징이에요. 예를 들어서 컴퓨팅 성능이 중요한 경우에는 C타입을, 메모리가 많이 필요한 경우에는 R타입을 선택할 수 있어요.', 60),
  (102, 22, '음 그럼 인스턴스를 어떻게 선택해야 할지 고민이 클 것 같아요. 혹시 어떤 기준으로 선택하면 좋을까요?', 70),
  (102, 26, '아 그거 참 좋은 질문인데, 인스턴스 선택은 사용 목적에 따라 다르거든요. 예를 들어, 웹 서버를 운영하는 경우에는 CPU 성능보다는 네트워크 성능을 우선 고려해야 할 수 있어요. 그래서 트래픽 예측이 중요하죠.', 80),
  (102, 24, '음 그럼, S3는 어떤 역할을 하나요? EC2랑 연계해서 쓰는 거예요?', 90),
  (102, 26, '어 네, S3는 Simple Storage Service예요. 데이터를 안전하게 저장할 수 있는 서비스인데, EC2랑 연계해서 백업이나 정적 파일 호스팅에 많이 쓰이죠. 예를 들어서 웹 사이트의 이미지 파일이나 동영상 등을 S3에 저장하고 EC2에서 그 데이터를 가져오는 식으로 사용할 수 있어요.', 100),
  (102, 21, '아아 그럼 S3는 스토리지고, EC2는 컴퓨팅 파워를 담당하는 거군요!', 110),
  (102, 23, '그니까, 서로 보완적인 역할을 하는 것 같아요. 근데 S3의 데이터 접근 속도는 어떤가요?', 120),
  (102, 26, '음 S3는 높은 내구성을 제공하면서도, 접근 속도도 굉장히 빠른 편이에요. 그리고 데이터가 여러 지역에 분산 저장되기 때문에, 전 세계 어디서든 빠른 속도로 접근할 수 있죠. 아, 그리고 S3에는 버전 관리 기능도 있어서 파일의 이전 버전도 쉽게 복구할 수 있어요.', 130),
  (102, 22, '어 그거 좋네요! 음, 혹시 S3에 저장된 데이터의 보안은 어떻게 하나요?', 140),
  (102, 26, '그거 역시 중요한 부분인데, S3는 IAM을 통해 접근 권한을 세밀하게 설정할 수 있어요. 그래서 누구에게 어떤 데이터에 접근할 권한을 줄 것인지 아주 구체적으로 설정할 수 있죠. 그리고 데이터 암호화도 지원하니까, 보안적으로도 안전하다고 볼 수 있어요.', 150),
  (102, 24, '아, 그럼 데이터 보안이 걱정될 필요는 없겠네요. 음 혹시 데모나 코드 보여주실 수 있나요?', 160),
  (102, 26, '어 네, 잠깐만요. 제가 EC2에서 S3에 파일을 업로드하는 코드를 보여줄게요. 이게 AWS SDK를 사용해서 구현했거든요.', 170),
  (102, 21, '와 그거 궁금해요! 어떤 언어로 구현하신 건가요?', 180),
  (102, 26, '아 이거는 Python으로 구현했어요. 코드의 주요 부분은 이렇게 생겼어요. (코드 공유) 여기서 S3 클라이언트를 만들고, 파일을 업로드하는 함수가 있거든요. 이게 기본적인 구조예요.', 190),
  (102, 23, '음, 그럼 이 코드로 파일을 쉽게 업로드할 수 있다는 거군요?', 200),
  (102, 26, '맞아요! 그리고 이 코드의 에러 처리는 어떻게 해야 할지 고민해봤었는데, 흐음, 예외 처리를 추가하면 더 안정적일 것 같아요.', 210),
  (102, 24, '그래도, 이 코드로 기본적인 사용은 충분해 보이네요! 혹시 이 코드를 개선할 부분이 있을까요?', 220),
  (102, 22, '음, 저라면 로그를 남기는 부분을 추가할 것 같아요. 실패했을 때 이유를 알 수 있게.', 230),
  (102, 21, '아 그거 좋네요! 로그가 있으면 저희가 디버깅할 때 훨씬 수월할 것 같아요.', 240),
  (102, 26, '오오 좋습니다. 그럼 오늘 좀 더 깊이 있는 이야기로 넘어가 볼까요? S3의 비용 구조에 대해서도 알고 있으면 좋을 것 같은데요.', 250),
  (102, 23, '아, 그거 중요한 부분이죠! S3는 사용한 만큼 과금이 되는 시스템이죠?', 260),
  (102, 26, '아 네 맞아요. 그래서 저장 용량과 데이터 전송량에 따라 달라지는데, 저렴한 편이긴 해요.', 270),
  (102, 22, '음, 그러면 저희가 S3를 사용할 때 비용을 어떻게 관리하면 좋을까요?', 280),
  (102, 26, '그 부분도 중요한데, 불필요한 데이터는 정기적으로 삭제하고, 객체 수명 주기를 설정하면 도움이 많이 되거든요.', 290),
  (102, 24, '아 그러니까, 오래된 데이터는 자동으로 삭제되게 할 수도 있겠네요!', 300),
  (102, 26, '맞아요! 그리고 스토리지 클래스를 적절히 이용하면 비용을 더 줄일 수 있어요.', 310),
  (102, 21, '음, 오늘 너무 유익했어요! 모두 수고하셨습니다.', 320),
  (102, 23, '네네! 다음 주제도 기대되네요!', 330),
  (102, 25, '감사합니다!', 340),
  (103, 33, '어 네 그럼 오늘 스터디 시작할게요. 음 오늘 주제는 인덱스 최적화에 대한 거죠?', 0),
  (103, 31, '맞아맞아, 인덱스 최적화는 데이터베이스 성능에 굉장히 중요하잖아요.', 10),
  (103, 32, '네, 그러니까 인덱스가 쿼리 성능에 미치는 영향이 크고, 잘 설계해야 하는 거죠.', 20),
  (103, 34, '그렇죠. 인덱스가 없으면 전체 테이블 스캔을 하게 되니까, 음 너무 비효율적이잖아요.', 30),
  (103, 33, '맞아요. 그래서 오늘 제가 인덱스 최적화의 기초 개념하고 몇 가지 실용적인 팁을 공유할게요. 음 인덱스는 데이터를 정렬하고 빠르게 검색할 수 있게 해주는 데이터 구조인데요, 저는 주로 B-트리 인덱스를 많이 사용해요.', 40),
  (103, 31, '아, B-트리 인덱스는 균형 잡힌 트리 구조라서 성능이 좋다고 하던데 맞나요?', 50),
  (103, 33, '네, 맞아요! B-트리 인덱스는 삽입, 삭제, 검색이 모두 O(log n) 시간 복잡도를 가지니까, 그런 면에서 효과적이에요. 근데, 이게 아주 큰 데이터셋에서는 한계가 있기도 해요.', 60),
  (103, 32, '음, 그럼 그 경우에는 어떤 인덱스를 사용해야 해요?', 70),
  (103, 33, '그러니까 그럴 때는 비트맵 인덱스를 고려할 수 있어요. 비트맵 인덱스는 데이터가 적고 중복이 많을 때 성능이 굉장히 좋아지거든요. 예를 들어 성별이나 국가 같은 필드를 인덱스화할 때 유용해요.', 80),
  (103, 34, '음, 비트맵 인덱스를 사용하면 저장 용량도 절약할 수 있겠네요?', 90),
  (103, 33, '맞아맞아! 대신에 비트맵 인덱스는 업데이트가 잦은 테이블에는 잘 안 맞아가지고, 그 점은 유의해야 해요.', 100),
  (103, 31, '아하, 그래서 인덱스 선택 시 데이터 특성이 중요하다는 거군요.', 110),
  (103, 33, '맞아요. 아, 그리고 인덱스를 사용할 때는 자주 사용하는 쿼리 패턴을 분석해서 극대화하는 것도 좋고요.', 120),
  (103, 32, '그러면, 인덱스를 잘못 설정했을 경우에는 어떤 문제가 생기나요?', 130),
  (103, 33, '음, 인덱스가 너무 많아지면 오히려 성능 저하를 가져올 수 있어요. 업데이트할 때마다 인덱스를 갱신해야 하니까요.', 140),
  (103, 34, '그래서 필요한 인덱스만 설정하는 게 중요하네요.', 150),
  (103, 33, '맞아요. 그리고 인덱스 분포도 체크하고, 통계 정보를 분석하는 것도 좋고요.', 160),
  (103, 31, '음, 데이터베이스에서 실행 계획을 확인하는 것도 도움이 될 것 같아요.', 170),
  (103, 32, '맞아맞아, 실행 계획을 통해 어떤 인덱스가 실제로 사용되는지 확인할 수 있죠.', 180),
  (103, 33, '네, 그래서 성능을 높이려면 쿼리 최적화와 함께 인덱스 최적화가 같이 가야 해요.', 190),
  (103, 34, '음, 그러면 인덱스 관련해서 어떤 도구를 사용하나요?', 200),
  (103, 33, '저는 보통 EXPLAIN 문을 사용해서 실행 계획을 분석하고, 성능 개선 포인트를 찾아요.', 210),
  (103, 31, '아, 그거 유용하겠네요. SQL Server에서는 어떤 기능이 있죠?', 220),
  (103, 32, '음, SQL Server Management Studio에서 인덱스 추천 기능이 있다고 들었어요.', 230),
  (103, 33, '맞아요. 그런 기능들을 활용하면 인덱스 최적화에 많은 도움이 될 거예요.', 240),
  (103, 34, '자, 그러면 이제 각자 인덱스 최적화 관련해서 경험이나 팁을 나눠볼까요?', 250),
  (103, 31, '음, 저는 인덱스 설정할 때 항상 데이터 양과 쿼리 패턴을 고려했었는데, 그게 정말 효과적이었어요.', 260),
  (103, 32, '맞아맞아, 저도 인덱스를 사용할 때 어떤 필드를 인덱스로 설정할지 고민 많이 했어요.', 270),
  (103, 33, '그러니까요. 부하 테스트를 통해 최적의 인덱스를 찾아가는 과정도 중요해요.', 280),
  (103, 34, '저도 최근 프로젝트에서 인덱스를 잘못 설정해서 성능이 저하됐던 경험이 있거든요. 그게 정말 아쉬웠어요.', 290),
  (103, 31, '아, 그럴 수 있죠. 그래서 지속적인 모니터링이 중요한거 같아요.', 300),
  (103, 33, '네네, 오늘 이렇게 인덱스 최적화에 대해 이야기 나눠서 좋았어요. 더 궁금한 점 있으면 언제든지 질문해 주세요!', 310),
  (103, 32, '감사합니다! 저도 유익했어요.', 320),
  (103, 34, '네, 수고하셨어요!', 330),
  (103, 31, '수고하셨습니다!', 340),
  (104, 42, '어 네, 그럼 오늘 스터디를 시작해볼게요. 음 오늘은 Vue의 Composition API에 대해서 강의할 예정이에요.', 0),
  (104, 43, '맞아맞아, 그거 요즘 많이 쓰이는 기술이라 관심있었어요.', 10),
  (104, 45, '네 맞아요, Composition API가 뭐가 그렇게 좋은 건가요? 기존의 Options API랑 비교해보면요.', 20),
  (104, 42, '아 그니까, Composition API는 코드 재사용성이 훨씬 높아지거든요. 그래서 예를 들어, 여러 컴퍼넌트에서 같은 기능을 사용할 때, 그걸 하나의 함수로 만들 수 있어요. 음, 이런 기능을 “Composition Function”이라고 하죠.', 30),
  (104, 44, '아아, 그거 진짜 편할 것 같아요. 함수로 묶으면 관리하기도 쉬울 테니까요.', 40),
  (104, 41, '음, 근데 그게 정확히 어떻게 작동하는지 예시로 보여줄 수 있을까요?', 50),
  (104, 42, '네네, 물론이죠. 예를 들어, 우리가 카운터 기능을 만들고 싶다고 해볼게요. 이렇게 setup() 함수 안에서 reactive을 사용해서 상태를 정의하고, 그 상태를 반환하면, 컴퍼넌트에서 이걸 쓸 수 있게 돼요.', 60),
  (104, 43, '아 그러면 그걸 통해서 template에서 상태를 바인딩할 수 있는 건가요?', 70),
  (104, 42, '맞아맞아! 이렇게 하면 template에서 그냥 변수처럼 사용할 수 있거든요. 음, 그리고 watchEffect 같은 걸 사용하면 반응형 데이터도 쉽게 처리할 수 있어요.', 80),
  (104, 45, '음, 그럼 useEffect랑 비슷한 개념인 거네요?', 90),
  (104, 42, '어, 맞아요. 근데 useEffect는 주로 리엑트에서 쓰고, Vue에서는 watchEffect를 통해 상태 변화를 감지할 수 있어요. 이게 좀 더 직관적이라고 생각해요.', 100),
  (104, 41, '아 그렇구나. 그러면 여러 개의 상태를 다루는 경우는 어떻게 하죠?', 110),
  (104, 42, '음, 그럴 땐 각 상태를 하나의 reactive 객체로 묶을 수도 있고, 아니면 여러 개의 reactive를 만들 수도 있어요. 이렇게 분리해서 관리하면 코드가 더 깔끔해지죠.', 120),
  (104, 44, '아하! 음, Composition API를 쓸 때 주의할 점 같은 건 없나요?', 130),
  (104, 42, '음, 그건 중요한 포인트인데, 너무 많은 함수로 나누면 관리가 힘들어질 수 있어요. 그래서 적절하게 모듈화하는 게 중요해요.', 140),
  (104, 43, '아 그 점 공감해요. 저도 함수가 너무 많아지면 코드가 난잡해지더라고요.', 150),
  (104, 45, '맞아요, 그래서 그때그때 정리하는 습관이 중요한 것 같아요.', 160),
  (104, 41, '아하, 그럼 오늘 강의 내용은 여기까지인 건가요?', 170),
  (104, 42, '음, 그렇죠! 이제 질문 받도록 할게요. 혹시 더 궁금한 점 있으면 물어봐주세요!', 180),
  (104, 44, '네, 저는 그 Composition API로 만든 예제를 간단히 보고 싶어요. 한번 해볼 수 있을까요?', 190),
  (104, 42, '오오, 좋은 질문이에요. 그러면 제가 간단한 예제를 보여드릴게요. 음, 코드로 보여드리면 더 이해가 잘 될 것 같아요.', 200),
  (104, 43, '네네, 기대돼요! 어떤 식으로 구성될지 궁금해요.', 210),
  (104, 42, '자, 이렇게 하면... 컴퍼넌트 이름은 Counter라고 하고, setup()에서 state를 정의하죠. 그 다음에는 increment 함수도 만들고, template에서 사용해보는 거예요.', 220),
  (104, 45, '아, 그거 진짜 간단할 것 같아요. 여러 개의 카운터 만들 때도 쉽게 쓸 수 있겠네요?', 230),
  (104, 42, '맞아요. 그리고 이 방식으로 상태를 공유할 수도 있어요. 그렇기 때문에 여러 컴퍼넌트에서 사용할 수 있게 되는 거죠.', 240),
  (104, 41, '음, 그럼 코드 리뷰도 해볼까요? 제가 작성한 코드를 가지고 피드백 받는 거 어때요?', 250),
  (104, 44, '오오, 좋아요! 그럼 한번 볼까요?', 260),
  (104, 43, '네네, 어떤 방식으로 작성했는지 궁금해요.', 270),
  (104, 41, '음, 제가 작성한 코드는 이렇게요... setup() 안에 reactive으로 상태를 정의했어요.', 280),
  (104, 42, '아, 이거 잘 하셨어요! 근데, state에 너무 많은 변수를 넣지 않도록 주의하는 게 좋을 것 같아요.', 290),
  (104, 45, '아하, 그러면 변수는 최대한 줄이고 기능별로 나눠서 구성하는 게 좋겠네요.', 300),
  (104, 41, '네, 감사합니다! 그럼 다음 번에는 개선된 코드로 가져올게요.', 310),
  (104, 42, '네, 기대할게요! 오늘 스터디는 여기까지 하도록 하고, 질문 있으면 언제든지 남겨주세요!', 320),
  (105, 53, '어 네 그럼 오늘 스터디 시작해볼까요? 음 오늘은 자소서 피드백 주제잖아요.', 0),
  (105, 54, '네네 맞아요. 저도 사실 자소서 쓰는 게 좀 힘들더라고요. 그래서 오늘 서로 피드백 해주면 좋을 것 같아요.', 10),
  (105, 51, '맞아맞아, 제가 쓴 자소서도 같이 검토해주면 좋을 것 같은데. 음 혹시 정다은 씨는 어떤 부분이 제일 어려웠어요?', 20),
  (105, 54, '아 그게, 음 자기소개 부분이 진짜 애매한 거 같아요. 내가 어떤 사람인지 잘 나타내기가 어렵더라고요. 뭘 써야 할지...', 30),
  (105, 52, '아아 그러니까 그 부분이 제일 어려운 거구나. 저도 그랬었는데, 예를 들어서 내가 어떤 경험을 했는지를 좀 구체적으로 적어보니까 괜찮더라고요.', 40),
  (105, 53, '아 맞아요, 구체적인 경험이 좋죠. 성경훈 씨는 어떻게 접근했어요?', 50),
  (105, 51, '저는 음, 제가 했던 프로젝트들 중심으로 썼었는데, 그 프로젝트에서 어떤 역할을 맡았는지 강조하려고 했거든요. 근데 그게 좀 길어져서...', 60),
  (105, 54, '아하, 그러니까 역할을 잘 드러내는 게 중요하군요. 저는 그럴 때 어떻게 요약해야 할지 모르겠더라고요.', 70),
  (105, 52, '네네, 그러니까 무슨 경험을 했고, 그걸 통해서 뭘 배웠는지를 중점적으로 쓰는 게 좋을 거 같아요.', 80),
  (105, 53, '음, 그러고 보니까 성경훈 씨 자소서에서, 그 프로젝트에 대한 구체적인 성과를 추가하면 더 좋을 것 같아요. 뭘 이뤘는지 써보면?', 90),
  (105, 51, '아 그거 괜찮은 아이디어네요! 음, 제가 성과를 제대로 정리해본 적이 없었는데, 그걸 덧붙이면 분명 더 좋겠어요.', 100),
  (105, 54, '맞아요, 그리고 피드백 주는 걸 보면 상대방의 강점도 보이고, 자기 자소서도 어떻게 개선할 수 있을지 알 수 있잖아요.', 110),
  (105, 52, '음, 저도 이력서랑 자소서를 같이 봐주면 좋을 것 같아요. 혹시 제가 쓴 거 보실래요?', 120),
  (105, 53, '오, 좋죠! 어떤 부분이 고민이세요?', 130),
  (105, 52, '글쎄요, 저도 자기소개가 너무 일반적이라서 ''컴퓨터 전공인데 이러이러하다'' 이런 식으로만 썼거든요.', 140),
  (105, 54, '음, 그것도 좋긴 한데, 좀 더 개인적인 이야기를 넣으면 좋을 것 같아요. 예를 들어서, 컴퓨터에 대한 관심이 생긴 계기 같은 거.', 150),
  (105, 52, '아아 그거 좋은 생각이네요. 하... 저도 그 부분이 고민이었거든요.', 160),
  (105, 51, '네, 그리고 글 쓰는 스타일도 다르게 해보는 것도 좋을 것 같아요. 좀 더 쉽게 읽히게.', 170),
  (105, 53, '맞아맞아, 자소서를 읽는 사람 입장에서 그냥 평범한 이야기보다는 흥미로운 이야기면 더 좋겠죠.', 180),
  (105, 54, '음, 그러니까 저도 제 자소서 한번 읽어보실래요? 비슷한 경험이 많을 것 같아서.', 190),
  (105, 51, '좋죠! 그럼 자소서 피드백도 하면서, 저희가 서로의 경험도 공유하는 거니까 좋을 것 같아요.', 200),
  (105, 52, '오오, 그럼 저부터 읽어볼까요? 음... (자소서 읽기 시작)', 210),
  (105, 53, '다 듣고 나서 피드백 주면 좋겠네요. 음, 시작해보세요!', 220),
  (105, 54, '네, 저도 잘 들을게요. (오세진 자소서 읽음)', 230),
  (105, 52, '음, 이렇게 썼는데, 어때요?', 240),
  (105, 53, '아, 좋은데 좀 더 구체적인 경험을 추가하면 좋을 것 같아요. 이걸 통해 배운 점 같은 거?', 250),
  (105, 54, '네, 그거 맞아요. 아 그리고 문장을 조금 더 간결하게 만들면 좋을 것 같아요.', 260),
  (105, 51, '음, 중요한 포인트 잘 잡으신 것 같아요. 내가 어떻게 기여했는지를 더 강조하면 좋을 것 같아요.', 270),
  (105, 52, '감사합니다! 그럼 제가 수정해서 다음에 다시 보여드릴게요.', 280),
  (105, 53, '좋죠! 다음 스터디 때도 계속 피드백 해보면 좋겠어요.', 290),
  (105, 54, '네네, 그러면 오늘 스터디는 여기까지 할까요? 다들 수고하셨습니다!', 300),
  (105, 51, '물어보고 싶은 것 있으면 언제든지 말씀하세요!', 310),
  (105, 52, '네, 저도 다음에 같이 해봐요!', 320),
  (106, 62, '어 네, 그럼 오늘 스터디 시작할게요. 음 오늘 주제는 BFS와 DFS 문제 풀이 리뷰거든요.', 0),
  (106, 61, '네네 맞아요. 저도 백준 1260번 문제 풀어왔는데, DFS랑 BFS 두 가지 다 구현했어요.', 10),
  (106, 64, '아 저도 그 문제 풀어봤어요. 근데 DFS로 접근했을 때, visited 체크하는 위치가 좀 헷갈리더라고요.', 20),
  (106, 63, '맞아맞아 그게 사실 중요한 포인트인데, DFS에서는 들어갈 때 체크하고 나오면서 다시 풀어줘야 하잖아요.', 30),
  (106, 62, '맞아요, 그래서 저는 DFS를 구현할 때, 재귀로 사용하면서 visited 배열을 가장 먼저 체크하도록 했어요. 그니까 재귀 함수의 시작 부분에서 체크하는 방식으로요.', 40),
  (106, 61, '아아 그게 좋은 방법이네요. 저는 사실 그 부분을 잘 못 생각해서, 먼저 방문한 노드에서 다시 들어가는 경우가 있었거든요.', 50),
  (106, 64, '음, 네 저도 그랬어요. 그래서 이 부분이 헷갈리더라고요. 근데 BFS는 큐를 사용해서 방문 체크를 어떻게 하셨나요?', 60),
  (106, 63, '네네, BFS는 큐에 노드를 넣을 때 체크했어요. 그래서 큐에서 뺄 때는 이미 체크된 상태라서 중복 방문이 안 되도록 했거든요.', 70),
  (106, 62, '아 맞아요, 큐에 넣을 때 체크하는 게 그렇게 중요한 거구나. 음, 근데 이거 구현하면서 시간 복잡도 고민도 많이 했었어요.', 80),
  (106, 61, '맞아요, 그리고 BFS가 DFS보다 시간 복잡도가 높을 때가 있다는 것도 신경 써야 하죠. 어떤 상황에서는 더 빠르게 작동할 수 있는지 생각해봐야 해요.', 90),
  (106, 64, '그럼 여기서, BFS가 더 효율적인 경우에 대해 이야기해볼까요? 예를 들어 최단 경로 문제 같은 경우요.', 100),
  (106, 63, '아아 그거 좋은 주제인 것 같아요. BFS는 레벨 단위로 탐색하니까, 최단 경로 찾는 데에 아주 유용하죠.', 110),
  (106, 62, '맞아요, 그리고 이걸 코드로 구현하면, 현재 위치에서 모든 인접 노드를 큐에 넣고, 그 다음 레벨로 넘어가면 되는 구조잖아요.', 120),
  (106, 61, '음, 그리고 큐를 사용할 때는 상황에 따라 deque를 사용하는 것도 좋아요. 성능 차이가 좀 있거든요.', 130),
  (106, 64, '그니까요, 일반 큐보다는 deque가 속도가 빠른 경우가 많아요. 그래서 저는 항상 BFS 구현할 때는 deque를 쓰려고 해요.', 140),
  (106, 63, '아 그거 저도 공감해요. 그리고 이럴 때는 pop할 때도 효율적으로 해야하니까, 그 부분도 잘 고려해야 해요.', 150),
  (106, 62, '네, 결국 문제에 따라 적절한 자료구조를 선택하는 게 중요하다는 거죠.', 160),
  (106, 61, '그럼 이제 우리 각자 BFS와 DFS를 사용한 문제 풀이 접근법을 공유해볼까요?', 170),
  (106, 64, '네네, 저는 1260번 문제를 DFS로 풀었어요. 그 때는 재귀 호출을 활용했는데, 그 이후에 BFS로도 시도해봤거든요.', 180),
  (106, 63, '저는 BFS로 풀었는데, 큐를 사용해서 각 노드를 탐색하는 방식으로 했어요. 그러면서 최단 경로도 찾을 수 있었고요.', 190),
  (106, 62, '음, 흥미롭네요. 두 접근법 모두 장단점이 있으니까, 이렇게 서로 공유하는 게 중요한 것 같아요.', 200),
  (106, 61, '네, 맞아요. 풀어보면서 느꼈던 점들 나누니까 더 이해가 깊어지는 것 같아요.', 210),
  (106, 64, '그러면 조금 더 깊게 토론해볼까요? 각 방법의 장단점과 어떤 상황에서 어떤 방법이 더 나은지 이야기를 해보면 좋을 것 같아요.', 220),
  (106, 63, '좋아요. 음, 개인적으로는 BFS가 최단 경로 문제에서는 정말 유용하다는 생각이 들고요. DFS는 깊이 탐색이 필요할 때 돼지잖아요.', 230),
  (106, 62, '네네, 각자 경험담도 공유해보면 더 좋을 것 같은데, 뭐 재미있는 에피소드나 있었나요?', 240),
  (106, 61, '아, 제가 한 번 DFS로 무한 루프에 빠졌던 적이 있어요. 음, visited 체크를 안 하니까 계속 탐색하더라고요.', 250),
  (106, 64, '아아 그거 저도 겪어봤어요. 처음에 visited 체크 깜빡해서 계속 탐색하던 기억이 나네요.', 260),
  (106, 63, '맞아맞아, 그럴 때는 정말 멘탈 나가요. 그래서 작은 실수라고 해도 항상 체크해야 해요!', 270),
  (106, 62, '맞습니다. 음, 이렇게 경험 공유하면서 문제 풀이도 더 재미있고 깊이 있는 것 같아요.', 280),
  (106, 61, '네네, 서로의 실수나 경험을 나누니까 더 배우는 게 많네요.', 290),
  (106, 64, '그럼 다음 시간에도 이렇게 각자 문제 풀이를 공유하고, 더 깊이 있는 토론을 해보면 좋을 것 같아요.', 300),
  (106, 63, '네, 그럼 오늘 스터디 이렇게 마무리할까요? 다음 주제도 기대돼요!', 310),
  (106, 62, '좋아요, 그럼 다음 주에 또 만나요!', 320),
  (107, 71, '어 네 그럼 오늘 스터디 시작하겠습니다. 음 오늘은 CNN 기초 강의 리뷰할 건데요, 다들 준비되셨죠?', 0),
  (107, 72, '네네, 저도 준비했어요. 음 강의가 정말 흥미로웠어요.', 10),
  (107, 75, '아아 저도요! 특히 CNN의 구조가 좀 복잡하더라고요.', 20),
  (107, 74, '그래요? 그니까, 필터와 스트라이드 같은 개념이 좀 헷갈렸던 것 같아요.', 30),
  (107, 73, '음 맞아맞아, 저도 그 부분이 어려웠어요. 그래서 그… 필터 사이즈가 다르잖아요, 그게 어떻게 영향을 주는지 궁금해요.', 40),
  (107, 71, '그러니까 필터 사이즈가 작으면 더 세밀한 특징을 잡을 수 있는데, 대신 계산량이 많아지고… 아 근데 큰 필터는 좀 더 큰 패턴을 잡는 단점이 있어요. 그래서 그 trade-off가 중요한 것 같아요.', 50),
  (107, 72, '음 그래서 그… 일반적으로 몇 사이즈가 제일 많이 쓰이나요?', 60),
  (107, 75, '아, 보통 3x3이나 5x5가 많이 사용된다더라고요. 그리고 그 pooling 레이어도 중요한 것 같아요.', 70),
  (107, 74, '네 맞아요! 그러니까 풀링이 왜 필요한지… 그걸 이해하는 게 중요하죠.', 80),
  (107, 73, '음 맞아, 풀링은 차원 축소를 하니까 복잡도를 줄여주는데 그니까, 너무 과하게 줄이면 특징을 잃어버릴 수도 있잖아요.', 90),
  (107, 71, '정확해요. 그래서 그렇게 하지 말고 적절히 조절하는 게 중요해요. 그리고 그 CNN이 이미지 분류에서 어떻게 쓰이는지 사례도 들어보면 좋겠어요.', 100),
  (107, 72, '아, 저 그 부분에서 예를 하나 들고 싶은데, 그 유명한 알렉스넷 같은 경우는… 음, 이미지넷 대회에서 엄청 성과를 냈잖아요?', 110),
  (107, 75, '아아 맞아요, 그거 진짜 대단했던 기억이 나네요. 이미지넷에서 높은 정확도를 기록했죠.', 120),
  (107, 74, '그러니까 그 CNN 구조 덕분에 가능했던 거죠? 음, 그럼 여기서 궁금한 건, 어떻게 효과적으로 학습할 수 있는지…', 130),
  (107, 73, '음, 저도 그게 궁금하긴 해요. 데이터 증강 같은 기법도 효과적인가요?', 140),
  (107, 71, '음, 맞아요! 데이터 증강은 학습 데이터를 늘려서 과적합을 방지하는 데 도움을 줘요. 그러니까 그 대표적인 기법이 회전이나 크기 조절 같은 거죠.', 150),
  (107, 72, '아하, 그래서 CNN에서는 가끔 이런 데이터 증강을 많이 사용하는구나. 그런 방법이 있군요.', 160),
  (107, 75, '요즘은 전이 학습도 많이 하잖아요. 그거에 대해서는 어떻게 생각해요?', 170),
  (107, 74, '아, 전이 학습은 기존 모델을 사용해서 초기 가중치를 설정하는 거니까, 훈련 시간이 단축될 수 있다고 하던데…', 180),
  (107, 73, '음, 그러니까 특정 데이터셋에서 학습된 CNN 모델을 다른 데이터셋에 적용하는 거죠?', 190),
  (107, 71, '네네, 정확해요! 그래서 그 CNN을 사용할 때는 이런 전이 학습을 잘 활용하면 효과적이죠.', 200),
  (107, 72, '아, 네네 맞아요. 한번 실습해볼까요? 음, 제가 간단한 CNN을 구현해볼게요.', 210),
  (107, 75, '좋네요! 그러면 코드 예제를 보여주면 좋겠어요.', 220),
  (107, 74, '음, 저도 코드 리뷰하면서 배울 수 있을 것 같아요.', 230),
  (107, 73, '아하, 그러면 어떤 라이브러리를 사용할 건가요? 파이토치인가요?', 240),
  (107, 71, '음, 파이토치나 텐서플로우 둘 다 괜찮은 선택이에요. 근데, 저는 요즘 파이토치를 더 선호하고 있어요. 그 생태계가 좋아서요.', 250),
  (107, 72, '아, 저도 파이토치 써본 적이 있어요. 음, 사용법이 직관적이라 편하더라고요.', 260),
  (107, 75, '네네, 그리고 역전파 과정도 쉽게 이해할 수 있는 것 같아요.', 270),
  (107, 74, '아아 그거 맞아요, 그래서 그 내부가 어떻게 돌아가는지 배우기에도 좋고요.', 280),
  (107, 73, '그래서 그 그거, 우리가 지금은 간단한 예제를 작성해보면 좋겠어요.', 290),
  (107, 71, '좋습니다! 그럼 간단한 CNN 모델을 만들어볼까요? 음, 기본적인 레이어 구성을 해보겠습니다.', 300),
  (107, 72, '네네, 기대돼요!', 310),
  (107, 75, '그럼 시작해볼까요?', 320),
  (108, 81, '네, 그럼 오늘 스터디 시작해볼게요. 음 오늘 주제는 기술 면접이죠? 그래서 CS 질문 모의면접을 준비했어요.', 0),
  (108, 83, '맞아맞아, 그니까 어떤 질문을 할 건지 다들 미리 정리해왔어요?', 10),
  (108, 82, '어, 네. 저는 몇 가지 알고리즘 문제를 준비했는데, 특히 정렬 알고리즘에 대해 이야기해보면 좋을 것 같아요.', 20),
  (108, 85, '아, 그거 좋은 아이디어인 거 같아요. 음, 그러면 "퀵소트"랑 "합병정렬" 같은 거 비교해보는 건 어때요?', 30),
  (108, 84, '아아, 그거 괜찮은데요. 둘 다 시간 복잡도가 O(n log n)인데 차이점이 뭐냐면...', 40),
  (108, 81, '음, 합병정렬은 안정 정렬이고, 퀵소트는 불안정 정렬이잖아요? 그래서 음... 퀵소트는 평균적으로 더 빠르긴 한데, 최악의 경우엔 O(n^2)일 수 있죠?', 50),
  (108, 83, '맞아맞아, 그래서 퀵소트를 빠르게 하기 위해서 피벗을 잘 선택하는 게 중요하죠. 예를 들어, 랜덤 피벗이나 중앙값 피벗 같은 거.', 60),
  (108, 82, '아, 네! 그리고 퀵소트는 제자리 정렬이긴 한데, 합병정렬은 추가적인 메모리를 필요로 하니까... 그 부분도 중요해요.', 70),
  (108, 85, '음, 맞아요. 그래서 합병정렬은 대용량 데이터 처리할 때 더 유리하다고 볼 수 있죠. 아 근데 그 예외적인 경우를 어떻게 처리하나요?', 80),
  (108, 84, '어, 그럴 경우는 보통 퀵소트를 사용할 때는 최악의 경우를 피하기 위해서, 피벗 선택 알고리즘을 좀 개선하잖아요. 예를 들어...', 90),
  (108, 81, '아, 그니까 미디언 오브 세 개 같은 방법을 쓰는 거죠? 그런 식으로 피벗을 정하면 성능이 더 안정적일 수 있어요.', 100),
  (108, 83, '네네, 그래서 그에 따라 구현할 때도 조금 다르게 접근할 수 있겠네요. 음, 혹시 코드 예시를 보여줄 수 있어요?', 110),
  (108, 82, '어, 물론이죠. 음, 여기 간단하게 퀵소트 코드가 있는데, 음, 기본적인 구조는 이렇게 생겼어요. (신재혁이 코드를 공유하며 설명)', 120),
  (108, 82, '그래서 이 코드에서는 피벗을 정하고, 그 피벗을 기준으로 왼쪽과 오른쪽으로 나누거든요. 그리고 재귀적으로 정렬을 호출하는 구조예요. 음, 이렇게 구현하면 효율적으로 동작해요.', 130),
  (108, 85, '아아, 그러니까 이 부분에서 피벗을 어떻게 선택하느냐가 성능에 큰 영향을 미치는군요. 혹시 이 코드에 대한 피드백이 있을까요?', 140),
  (108, 84, '음, 저는 일단 기본적으로 잘 구현된 거 같아요. 그런데 추가로 정렬을 할 때, 안정성을 보장하고 싶다면... 정렬된 배열을 처리할 때, 편리하게 사용할 수 있는 방법이 있을까요?', 150),
  (108, 81, '어, 그게 만약 안정 정렬이 필요하다면... 음, 합병정렬을 고려해보는 것도 좋죠. 그니까...', 160),
  (108, 83, '맞아맞아, 아니면 퀵소트를 사용하되 피벗 선택을 최적화하는 방법도 고려할 수 있어요. 예를 들어, 여기서 미디언으로 피벗을 선택하면...', 170),
  (108, 82, '네, 그렇게 하면 평균적으로 성능을 개선할 수 있답니다. 근데 안정성을 확보하고 싶다면, 음, 아까 정다은님이 언급한 합병정렬을 선택하는 게 더 나을 것 같아요.', 180),
  (108, 85, '아, 맞아요. 그렇게 되면 더 간단하게 처리할 수 있죠. 음, 그러면 이번에는 "DFS"나 "BFS" 같은 그래프 탐색 알고리즘에 대해서도 이야기해볼까요?', 190),
  (108, 84, '오오, 그거 좋네요. 그 두 가지 알고리즘의 차이점을 어떻게 설명할 수 있을까요?', 200),
  (108, 81, '음, DFS는 깊이 우선 탐색이잖아요? 그래서 먼저 한 방향으로 최대한 탐색하고, 더 이상 갈 수 없을 때 되돌아오는 방식이고...', 210),
  (108, 83, '맞아맞아, 반면에 BFS는 너비 우선 탐색으로, 가까운 노드부터 탐색해 나가는 방식이죠. 음, 그래서 이 두 가지는 사용 목적이 다르다는 걸 기억해야 해요.', 220),
  (108, 85, '네, 그리고 그래프의 구조에 따라서 더 적합한 알고리즘이 있을 수 있죠. 예를 들어, 최단 경로를 찾고 싶다면 BFS가 더 유리할 수 있어요.', 230),
  (108, 82, '아아, 그거 맞아요. 그래서 실제로 구현할 때도 상황에 맞춰서 선택하는 게 중요하죠. 음, 혹시 코드 예시를 보여줄 수 있을까요?', 240),
  (108, 84, '네, 그럼 제가 DFS 코드를 간단히 설명해볼게요. 음, 기본적인 구조는 재귀적으로 호출하는 방식으로 되어 있어요. (조문희가 코드를 설명하며 진행)', 250),
  (108, 84, '그래서 이 부분에서 방문 처리와 스택을 이용해 깊이 우선 탐색을 구현했는데요, 만약 그래프가 간선이 많다면... 그걸 잘 처리하는 게 중요해요.', 260),
  (108, 81, '음, 그거 좋네요. 그러면 BFS도 비슷한 방식으로 구현할 수 있지 않을까요? 큐를 이용해서?', 270),
  (108, 83, '맞아요! BFS는 큐를 사용해서 구현할 수 있고, 그래프의 모든 인접 노드를 방문하는 방식으로 접근하는 거죠.', 280),
  (108, 82, '네네, 그래서 상황에 따라 이 두 가지 알고리즘을 선택하는 게 핵심인 것 같아요. 음, 그러면 다른 질문이 있을까요?', 290),
  (108, 85, '아, 혹시 그래프의 깊이와 너비를 비교하는 방법에 대해 더 이야기해볼까요?', 300),
  (108, 84, '오오, 그거 재밌겠네요. 그런 비교는 그래프 문제를 풀 때 매우 유용할 것 같아요!', 310),
  (108, 81, '그럼 각자 생각해보면서 다음 주제로 넘어가볼까요? 오늘 잘 논의한 것 같아요!', 320),
  (109, 93, '어 네 그럼 오늘 스터디 시작해볼게요. 음 오늘 주제는 TypeScript의 제네릭 타입에 대한 거잖아요?', 0),
  (109, 94, '맞아요 맞아요. 제네릭 타입이 뭔지 다시 한번 설명해 주실래요?', 10),
  (109, 93, '아 네네. 그래서 제네릭 타입은 음, 함수나 클래스에서 사용할 수 있는 유형을 일반화해서 정의할 수 있게 해주는 기능인데, 뭐지, 예를 들어보자면, 우리가 리엑트에서 컴퍼넌트를 만들 때, 여러 타입의 데이터를 받을 수 있도록 해주는 거거든요. 다시 말하면, <T> 같은 형태로 타입을 선언하고, 그 T를 통해서 다양한 타입을 처리할 수 있게 되는 거죠.', 20),
  (109, 91, '오오, 그거 재사용성을 높이는 데 도움이 되겠네요.', 30),
  (109, 95, '근데 성경훈 씨, 그 제네릭 타입을 사용할 때 주의할 점이 있을까요?', 40),
  (109, 93, '아, 좋은 질문이에요. 음 제네릭 타입을 사용할 때는 타입의 제약을 두는 게 중요한데, 예를 들어, T를 특정 인터페이스로 제약할 수도 있고, 어떤 조건을 만족해야만 사용할 수 있게 할 수 있어요. 그래서 가끔은 이런 제약을 잘 설정해야 코드가 더 안전해지는 것 같아요.', 50),
  (109, 92, '네네, 그래서 그 제약을 잘 설정하면 타입 체킹도 잘 되고 에러도 줄어드는 거잖아요?', 60),
  (109, 93, '맞아맞아. 그리고, 그니까, 제네릭 타입을 사용할 때는 여러 타입을 동시에 처리할 수 있으니까 훨씬 유연해지거든요. 예를 들어, T가 숫자가 될 수도 있고, 문자열이 될 수도 있게 하고 싶다면, union 타입을 쓸 수도 있어요.', 70),
  (109, 94, '아, union 타입이 그래서 필요한 거군요. 음 구체적인 코드 예시가 있을까요?', 80),
  (109, 93, '어, 네. 예를 들어볼게요. const myFunc = <T>(arg: T): T => { return arg; } 이러면 T는 어떤 타입이든지 받을 수 있는 거죠. 그래서 myFunc(5)라고 호출하면 숫자가 되고, myFunc("hello")라고 하더라도 문자열이 되는 식이에요.', 90),
  (109, 91, '음, 그럼 T를 여러 번 사용할 수도 있는 건가요?', 100),
  (109, 93, '아, 맞아요! 그래서 T를 여러 번 쓰게 되면, 이렇게도 가능해요. function myFunc<T, U>(arg1: T, arg2: U): [T, U] { return [arg1, arg2]; } 이런 식으로 해서 두 가지 타입을 동시에 처리할 수 있는 거죠.', 110),
  (109, 95, '근데 이걸 사용하면 예를 들어, 제네릭으로 만든 컴퍼넌트에서 타입을 어떻게 명시적으로 지정하죠?', 120),
  (109, 93, '아, 그거는 간단해요. 컴퍼넌트를 사용할 때 <MyComponent<number>> 이런 식으로 타입을 지정해 줄 수 있어요. 그러면 그 컴퍼넌트는 숫자 타입만 받을 수 있게 되는 거죠.', 130),
  (109, 92, '음 그럼 만약 문자열도 받을 수 있게 하려면 어떻게 해야 돼요?', 140),
  (109, 93, '아, 그 경우에는 <MyComponent<T | string>> 이렇게 union 타입으로 지정하면 돼요. 그러면 T가 숫자일 수도 있고, 문자열일 수도 있게 되죠.', 150),
  (109, 94, '오, 그거 좋네요. 그러면 타입 안전성을 유지하면서도 유연한 코드를 쓸 수 있겠네요.', 160),
  (109, 93, '맞아요. 음, 그리고 추가적으로, 제네릭 타입은 배열이나 객체에도 쓸 수 있으니까, 응용 범위가 굉장히 넓어요. 예를 들어, 제네릭 배열을 선언할 때 const arr: Array<T> 이런 식으로 쓸 수 있어요.', 170),
  (109, 91, '그럼 배열 안에 다양한 타입을 넣을 수 있는 건가요?', 180),
  (109, 93, '아, 아니에요. 배열의 타입은 동일해야 해요. 그러니까 T를 정해놓으면 그 배열에 들어갈 요소는 그 타입으로만 제한되는 거죠.', 190),
  (109, 95, '아, 그 점은 주의해야겠네요. 음 혹시 제네릭 타입을 잘못 사용한 경험담 같은 게 있나요?', 200),
  (109, 93, '아, 음, 제가 예전에 제네릭 타입을 사용할 때 T를 너무 광범위하게 설정해버려서, 나중에 타입 에러가 나서 고생한 적이 있어요. 그래서 그럴 때는 가능한 구체적으로 타입을 설정하는 게 좋다는 걸 깨달았죠.', 210),
  (109, 92, '네네, 그런 경험담이 정말 유익하네요. 감사합니다!', 220),
  (109, 94, '음, 그럼 혹시 다른 분들은 제네릭 타입 관련해서 질문이나 의견 있나요?', 230),
  (109, 95, '아, 제가 하나. 그 제네릭 타입을 사용할 때, 디폴트 타입을 설정할 수 있나요?', 240),
  (109, 93, '아, 네, 맞아요! 제네릭 타입에서 기본값을 설정할 수 있어요. 예를 들어, function myFunc<T = number>(arg: T): T { return arg; } 이렇게 하면 T를 지정하지 않을 경우 기본적으로 number 타입이 되는 거죠.', 250),
  (109, 91, '오, 그거 유용하네요. 기본값 설정이 가능한 줄은 몰랐어요!', 260),
  (109, 92, '맞아요. 오늘 내용이 되게 유익했어요.', 270),
  (109, 93, '감사합니다! 그럼 오늘 스터디는 여기서 마치고, 다음 시간에 또 다른 주제로 만나요!', 280),
  (109, 94, '네, 수고하셨어요!', 290),
  (109, 95, '수고하셨습니다!', 300),
  (109, 91, '네, 수고하셨습니다!', 310),
  (109, 92, '다음에 또 만나요!', 320),
  (110, 103, '어 네 그럼 오늘 스터디 시작할게요. 음 오늘 주제는 Express 미들웨어 리뷰거든요.', 0),
  (110, 101, '네네, 저도 지난주에 미들웨어 관련해서 공부했거든요. 미들웨어가 진짜 중요한 개념인 거 같아요.', 10),
  (110, 102, '맞아맞아, 미들웨어가 요청과 응답 사이에서 처리할 수 있는 기능들이 많잖아요.', 20),
  (110, 105, '그니까, 예를 들어서 로깅이나 에러 핸들링 같은 데서 많이 쓰이잖아요?', 30),
  (110, 104, '아 맞아요, 특히 에러 핸들링은 정말 유용한 거 같아요. 근데 이게 어떻게 구성하는지 잘 모르겠더라고요.', 40),
  (110, 103, '음, 그래서 오늘은 제가 간단한 코드 예시를 보여줄게요. 먼저 미들웨어를 사용하려면, 그냥 함수를 정의하고, 그 안에서 `req`, `res`, `next` 인자를 받아야 해요. 예를 들어서, ```javascript app.use((req, res, next) => { console.log(''Request received''); next(); // 다음 미들웨어로 넘어가는 거거든요 }); ``` 이렇게 하면 요청이 들어올 때마다 "Request received"가 찍히는 거죠.', 50),
  (110, 101, '아아 그거 좋네요! 근데 `next()`를 호출 안 하면 어떻게 되죠?', 60),
  (110, 103, '음, 그게 호출을 안 하면 다음 미들웨어로 넘어가지 않아서 응답이 안 돌아오거든요. 그래서 꼭 호출해줘야 해요.', 70),
  (110, 102, '아, 그러면 그 미들웨어에서 에러가 났을 때는 어떻게 처리하나요?', 80),
  (110, 103, '아, 좋은 질문이네요! 그러면 에러 처리 미들웨어를 만들어야 해요. 보통은 네 번째 인자, 즉 `err`를 사용해서 정의하는데요. 예를 들면, ```javascript app.use((err, req, res, next) => { console.error(err.stack); res.status(500).send(''Something broke!''); }); ``` 이렇게 하면 에러가 발생했을 때, 에러 메시지를 로그로 남기고 클라이언트에게 에러 응답을 보낼 수 있어요.', 90),
  (110, 105, '그니까, 그러면 일반 미들웨어와 에러 미들웨어는 구분해서 사용해야 하는 거네요?', 100),
  (110, 104, '네네, 맞아요. 일반 미들웨어는 요청 처리에 사용되고, 에러 미들웨어는 에러를 처리하는 데 특화된 거죠.', 110),
  (110, 102, '그럼 혹시 미들웨어를 여러 개 만들 수도 있나요?', 120),
  (110, 103, '오오 그거 당연히 가능하죠. 여러 개의 미들웨어를 `app.use()`로 순서대로 등록할 수 있어요. 각각의 미들웨어가 요청을 처리하고, 필요에 따라 다음 미들웨어로 넘기는 방식으로 진행되는 거거든요.', 130),
  (110, 101, '아 그렇구나! 그러면 미들웨어의 순서가 중요하겠네요?', 140),
  (110, 103, '맞아맞아, 순서가 굉장히 중요해요. 먼저 등록된 미들웨어가 먼저 실행되니까, 예를 들어서 인증 미들웨어가 세팅되어 있으면, 이후 미들웨어는 인증이 되고 난 뒤에만 실행되거든요.', 150),
  (110, 105, '아 그럼 인증이 실패하면 다음 미들웨어로 넘어가지 않게 할 수 있겠네요?', 160),
  (110, 103, '네네, 정확해요. 인증이 실패하면 `next(err)`를 호출해서 에러 처리 미들웨어로 바로 가게 할 수 있어요.', 170),
  (110, 104, '그럼 혹시 미들웨어를 사용해서 CORS 처리를 할 수도 있나요?', 180),
  (110, 103, '어 그거 정말 좋은 질문이에요! CORS는 미들웨어로 처리하는 게 일반적이에요. `cors` 패키지를 설치하고 다음과 같이 설정해주면 되거든요. ```javascript const cors = require(''cors''); app.use(cors()); ``` 이렇게 하면 모든 도메인에서의 요청을 허용하게 되는데, 옵션을 통해 세부 설정도 할 수 있어요.', 190),
  (110, 102, '아아 그거 진짜 유용하겠네요. 테스트할 때도 편할 거 같아요.', 200),
  (110, 101, '그러면 미들웨어 관련해서 에러를 발생시키는 경우는요? 예를 들어, 특정 조건에서만 에러를 발생시키고 싶을 때는 어떻게 해야 하나요?', 210),
  (110, 103, '음, 그럴 때는 조건문을 사용하면 돼요. 예를 들어서 어떤 특정 헤더가 없으면 에러를 발생시키고, 그 에러를 `next(err)`로 넘기는 방식으로요.', 220),
  (110, 102, '아 그렇구나! 그럼 다른 질문 있으면 언제든지 해도 되죠?', 230),
  (110, 103, '네네, 언제든지 질문해 주세요. 다들 궁금한 점 있으면 이야기해봐요!', 240),
  (110, 105, '아, 그럼 혹시 미들웨어를 사용할 때 성능에 영향이 있을까요? 너무 많으면?', 250),
  (110, 103, '맞아맞아, 그 부분도 중요한데, 미들웨어가 많으면 요청 처리 속도에 영향을 줄 수 있어요. 그래서 꼭 필요한 것만 사용하는 게 좋을 거 같아요.', 260),
  (110, 104, '그니까, 최적화를 잘해야겠네요.', 270),
  (110, 103, '맞아요, 각 미들웨어의 역할을 잘 고려하고 사용해야 해요. 그러면 오늘 리뷰는 여기까지 할까요? 더 궁금한 점 있으면 후기에도 나누고요!', 280),
  (110, 101, '네네, 오늘도 잘 배웠어요. 감사합니다!', 290),
  (110, 102, '저도요, 다음 시간에도 기대할게요!', 300),
  (110, 105, '저도 고생하셨습니다!', 310),
  (110, 104, '감사합니다! 다음에 또 만나요!', 320);
